dilirank_name,Z_mito,k_mito,Z_bile,k_bile,Z_reactive,k_reactive,Proposed_Mechanism,Max_Z_Mech
Abacavir sulfate,-0.14780754549905364,0,-0.11767614698291161,0,-0.14085904245475275,0,Unexplained,-0.11767614698291161
Abaloparatide,-0.10451571773292,0,-0.08320960151552169,0,-0.09960238411119947,0,Unexplained,-0.08320960151552169
Abemaciclib,-0.14780754549905364,0,-0.11767614698291161,0,-0.14085904245475275,0,Unexplained,-0.11767614698291161
Abiraterone acetate,-0.10451571773292,0,-0.08320960151552169,0,-0.09960238411119947,0,Unexplained,-0.08320960151552169
Acarbose,-0.20903143546584,0,-0.16641920303104338,0,-0.19920476822239894,0,Unexplained,-0.16641920303104338
Acebutolol hydrochloride,-0.14780754549905364,0,-0.11767614698291161,0,-0.14085904245475275,0,Unexplained,-0.11767614698291161
Aceclofenac,-0.14780754549905364,0,-0.11767614698291161,0,-0.14085904245475275,0,Unexplained,-0.11767614698291161
Acetaminophen,-0.2560101785464095,0,-0.20382106541334596,0,-0.2439750182371333,0,Unexplained,-0.20382106541334596
Acetazolamide,-0.2956150909981073,0,-0.23535229396582322,0,-0.2817180849095055,0,Unexplained,-0.23535229396582322
Acetylcysteine,-0.330507719323277,0,-0.2631318639840472,0,-0.314970394174356,0,Unexplained,-0.2631318639840472
Acitretin,-0.2956150909981073,0,-0.23535229396582322,0,-0.2817180849095055,0,Unexplained,-0.23535229396582322
Acyclovir,-0.14780754549905364,0,-0.11767614698291161,0,-0.14085904245475275,0,Unexplained,-0.11767614698291161
Adefovir dipivoxil,-0.10451571773292,0,-0.08320960151552169,0,-0.09960238411119947,0,Unexplained,-0.08320960151552169
Adenosine,-0.20903143546584,0,-0.16641920303104338,0,-0.19920476822239894,0,Unexplained,-0.16641920303104338
Albendazole,-0.20903143546584,0,-0.16641920303104338,0,-0.19920476822239894,0,Unexplained,-0.16641920303104338
Albuterol,-0.18102653330294494,0,-0.1441232575024438,0,-0.17251638983558856,0,Unexplained,-0.1441232575024438
Alclofenac,-0.10451571773292,0,-0.08320960151552169,0,-0.09960238411119947,0,Unexplained,-0.08320960151552169
Alendronate sodium,-0.23370424956798933,0,-0.18606232536937603,0,-0.22271770159368698,0,Unexplained,-0.18606232536937603
Alfentanil hydrochloride,-0.10451571773292,0,-0.08320960151552169,0,-0.09960238411119947,0,Unexplained,-0.08320960151552169
Alfuzosin hydrochloride,-0.18102653330294494,0,-0.1441232575024438,0,-0.17251638983558856,0,Unexplained,-0.1441232575024438
Allopurinol,-0.10451571773292,0,-0.08320960151552169,0,-0.09960238411119947,0,Unexplained,-0.08320960151552169
Alosetron hydrochloride,-0.10451571773292,0,-0.08320960151552169,0,-0.09960238411119947,0,Unexplained,-0.08320960151552169
Alpelisib,-0.10451571773292,0,-0.08320960151552169,0,-0.09960238411119947,0,Unexplained,-0.08320960151552169
Alprazolam,-0.14780754549905364,0,-0.11767614698291161,0,-0.14085904245475275,0,Unexplained,-0.11767614698291161
Alvimopan,-0.18102653330294494,0,-0.1441232575024438,0,-0.17251638983558856,0,Unexplained,-0.1441232575024438
Amifampridine,-0.10451571773292,0,-0.08320960151552169,0,-0.09960238411119947,0,Unexplained,-0.08320960151552169
Amifostine,-0.10451571773292,0,-0.08320960151552169,0,-0.09960238411119947,0,Unexplained,-0.08320960151552169
Amikacin sulfate,-0.10451571773292,0,-0.08320960151552169,0,-0.09960238411119947,0,Unexplained,-0.08320960151552169
Amiloride hydrochloride,-0.31354715319876,0,-0.24962880454656505,0,-0.29880715233359845,0,Unexplained,-0.24962880454656505
Amineptine,-0.18102653330294494,0,-0.1441232575024438,0,-0.17251638983558856,0,Unexplained,-0.1441232575024438
Aminocaproic acid,-0.18102653330294494,0,-0.1441232575024438,0,-0.17251638983558856,0,Unexplained,-0.1441232575024438
Aminohippurate sodium,-0.10451571773292,0,-0.08320960151552169,0,-0.09960238411119947,0,Unexplained,-0.08320960151552169
Aminophylline,-0.20903143546584,0,-0.16641920303104338,0,-0.19920476822239894,0,Unexplained,-0.16641920303104338
Aminosalicylic acid ,-0.2560101785464095,0,-0.20382106541334596,0,-0.2439750182371333,0,Unexplained,-0.20382106541334596
Amiodarone hydrochloride,-0.2956150909981073,0,-0.23535229396582322,0,-0.2817180849095055,0,Unexplained,-0.23535229396582322
Amisulpride,-0.27652259721872974,0,-0.22015191230285366,0,-0.26352313834736496,0,Unexplained,-0.22015191230285366
Amitriptyline hydrochloride,-0.5530451944374595,0,-0.44030382460570733,0,-0.5270462766947299,0,Unexplained,-0.44030382460570733
Amoxicillin,-0.10451571773292,0,-0.08320960151552169,0,-0.09960238411119947,0,Unexplained,-0.08320960151552169
Amphetamine sulfate,-0.3466394204147899,0,-0.2759750271819735,0,-0.33034373632170494,0,Unexplained,-0.2759750271819735
Ampicillin sodium,-0.2956150909981073,0,-0.23535229396582322,0,-0.2817180849095055,0,Unexplained,-0.23535229396582322
Anastrozole,-0.10451571773292,0,-0.08320960151552169,0,-0.09960238411119947,0,Unexplained,-0.08320960151552169
Angiotensin ii acetate,-0.14780754549905364,0,-0.11767614698291161,0,-0.14085904245475275,0,Unexplained,-0.11767614698291161
Anidulafungin,-0.14780754549905364,0,-0.11767614698291161,0,-0.14085904245475275,0,Unexplained,-0.11767614698291161
Apalutamide,-0.14780754549905364,0,-0.11767614698291161,0,-0.14085904245475275,0,Unexplained,-0.11767614698291161
Apixaban,-0.10451571773292,0,-0.08320960151552169,0,-0.09960238411119947,0,Unexplained,-0.08320960151552169
Aplaviroc,-0.10451571773292,0,-0.08320960151552169,0,-0.09960238411119947,0,Unexplained,-0.08320960151552169
Apomorphine hydrochloride,-0.39106200728936025,0,-0.3113418201610679,0,-0.37267799624996495,0,Unexplained,-0.3113418201610679
Apremilast,-0.18102653330294494,0,-0.1441232575024438,0,-0.17251638983558856,0,Unexplained,-0.1441232575024438
Argatroban,-0.10451571773292,0,-0.08320960151552169,0,-0.09960238411119947,0,Unexplained,-0.08320960151552169
Arginine hydrochloride,-0.31354715319876,0,-0.24962880454656505,0,-0.29880715233359845,0,Unexplained,-0.24962880454656505
Aripiprazole,-0.644278153923165,0,-0.5129384327637505,0,-0.6139903313441727,0,Unexplained,-0.5129384327637505
Aripiprazole lauroxil,-0.5225785886646,0,-0.41604800757760846,0,-0.4980119205559973,0,Unexplained,-0.41604800757760846
Aspirin,-0.4555734516094202,0,-0.3627022441384479,0,-0.43415672687643975,0,Unexplained,-0.3627022441384479
Atazanavir sulfate,-0.14780754549905364,0,-0.11767614698291161,0,-0.14085904245475275,0,Unexplained,-0.11767614698291161
Atenolol,-0.14780754549905364,0,-0.11767614698291161,0,-0.14085904245475275,0,Unexplained,-0.11767614698291161
Atomoxetine hydrochloride,-0.23370424956798933,0,-0.18606232536937603,0,-0.22271770159368698,0,Unexplained,-0.18606232536937603
Atropine,-0.2956150909981073,0,-0.23535229396582322,0,-0.2817180849095055,0,Unexplained,-0.23535229396582322
Auranofin,-0.23370424956798933,0,-0.18606232536937603,0,-0.22271770159368698,0,Unexplained,-0.18606232536937603
Avanafil,-0.10451571773292,0,-0.08320960151552169,0,-0.09960238411119947,0,Unexplained,-0.08320960151552169
Avatrombopag maleate,-0.10451571773292,0,-0.08320960151552169,0,-0.09960238411119947,0,Unexplained,-0.08320960151552169
Azathioprine,-0.14780754549905364,0,-0.11767614698291161,0,-0.14085904245475275,0,Unexplained,-0.11767614698291161
Azithromycin,-0.10451571773292,0,-0.08320960151552169,0,-0.09960238411119947,0,Unexplained,-0.08320960151552169
Bacitracin,-0.14780754549905364,0,-0.11767614698291161,0,-0.14085904245475275,0,Unexplained,-0.11767614698291161
Baclofen,-0.18102653330294494,0,-0.1441232575024438,0,-0.17251638983558856,0,Unexplained,-0.1441232575024438
Baloxavir marboxil,-0.10451571773292,0,-0.08320960151552169,0,-0.09960238411119947,0,Unexplained,-0.08320960151552169
Benazepril hydrochloride,-0.10451571773292,0,-0.08320960151552169,0,-0.09960238411119947,0,Unexplained,-0.08320960151552169
Bendazac,-0.14780754549905364,0,-0.11767614698291161,0,-0.14085904245475275,0,Unexplained,-0.11767614698291161
Bendroflumethiazide,-0.2560101785464095,0,-0.20382106541334596,0,-0.2439750182371333,0,Unexplained,-0.20382106541334596
Benoxaprofen,-0.10451571773292,0,-0.08320960151552169,0,-0.09960238411119947,0,Unexplained,-0.08320960151552169
Benzbromarone,-0.23370424956798933,0,-0.18606232536937603,0,4.3118147028537805,1,Reactive,4.3118147028537805
Benzonatate,-0.10451571773292,0,-0.08320960151552169,0,-0.09960238411119947,0,Unexplained,-0.08320960151552169
Benzphetamine hydrochloride,-0.20903143546584,0,-0.16641920303104338,0,-0.19920476822239894,0,Unexplained,-0.16641920303104338
Benztropine mesylate,-0.23370424956798933,0,-0.18606232536937603,0,-0.22271770159368698,0,Unexplained,-0.18606232536937603
Betaine,-0.10451571773292,0,-0.08320960151552169,0,-0.09960238411119947,0,Unexplained,-0.08320960151552169
Betrixaban,-0.10451571773292,0,-0.08320960151552169,0,-0.09960238411119947,0,Unexplained,-0.08320960151552169
Bexarotene,-0.18102653330294494,0,-0.1441232575024438,0,-0.17251638983558856,0,Unexplained,-0.1441232575024438
Bicalutamide,-0.10451571773292,0,-0.08320960151552169,0,-0.09960238411119947,0,Unexplained,-0.08320960151552169
Biperiden hydrochloride,-0.10451571773292,0,-0.08320960151552169,0,-0.09960238411119947,0,Unexplained,-0.08320960151552169
Bisacodyl,-0.14780754549905364,0,-0.11767614698291161,0,-0.14085904245475275,0,Unexplained,-0.11767614698291161
Bivalirudin,-0.10451571773292,0,-0.08320960151552169,0,-0.09960238411119947,0,Unexplained,-0.08320960151552169
Bortezomib,-0.18102653330294494,0,-0.1441232575024438,0,-0.17251638983558856,0,Unexplained,-0.1441232575024438
Bosentan,-0.14780754549905364,0,-0.11767614698291161,0,-0.14085904245475275,0,Unexplained,-0.11767614698291161
Brexanolone,-0.23370424956798933,0,-0.18606232536937603,0,-0.22271770159368698,0,Unexplained,-0.18606232536937603
Brexpiprazole,-0.3620530666058899,0,-0.2882465150048876,0,-0.3450327796711771,0,Unexplained,-0.2882465150048876
Brivaracetam,-0.14780754549905364,0,-0.11767614698291161,0,-0.14085904245475275,0,Unexplained,-0.11767614698291161
Bromfenac sodium,-0.14780754549905364,0,-0.11767614698291161,0,-0.14085904245475275,0,Unexplained,-0.11767614698291161
Bromocriptine mesylate,-0.44342263649716096,0,-0.35302844094873487,0,-0.4225771273642583,0,Unexplained,-0.35302844094873487
Brompheniramine maleate,-0.2560101785464095,0,-0.20382106541334596,0,-0.2439750182371333,0,Unexplained,-0.20382106541334596
Budesonide,-0.14780754549905364,0,-0.11767614698291161,0,-0.14085904245475275,0,Unexplained,-0.11767614698291161
Bupropion hydrochloride,-0.23370424956798933,0,-0.18606232536937603,0,-0.22271770159368698,0,Unexplained,-0.18606232536937603
Butorphanol tartrate,-0.18102653330294494,0,-0.1441232575024438,0,-0.17251638983558856,0,Unexplained,-0.1441232575024438
Cabergoline,-0.46740849913597865,0,-0.37212465073875206,0,-0.44543540318737396,0,Unexplained,-0.37212465073875206
Caffeine citrate,-0.40478763419651437,0,-0.32226940091417094,0,-0.3857583749052298,0,Unexplained,-0.32226940091417094
Calcitonin salmon,-0.10451571773292,0,-0.08320960151552169,0,-0.09960238411119947,0,Unexplained,-0.08320960151552169
Calcitriol,-0.14780754549905364,0,-0.11767614698291161,0,-0.14085904245475275,0,Unexplained,-0.11767614698291161
Calcium acetate,-0.46740849913597865,0,-0.37212465073875206,0,-0.44543540318737396,0,Unexplained,-0.37212465073875206
Canagliflozin,-0.10451571773292,0,-0.08320960151552169,0,-0.09960238411119947,0,Unexplained,-0.08320960151552169
Candesartan cilexetil,-0.10451571773292,0,-0.08320960151552169,0,-0.09960238411119947,0,Unexplained,-0.08320960151552169
Cangrelor,-0.10451571773292,0,-0.08320960151552169,0,-0.09960238411119947,0,Unexplained,-0.08320960151552169
Capecitabine,-0.14780754549905364,0,-0.11767614698291161,0,-0.14085904245475275,0,Unexplained,-0.11767614698291161
Capmatinib hydrochloride,-0.10451571773292,0,-0.08320960151552169,0,-0.09960238411119947,0,Unexplained,-0.08320960151552169
Captopril,-0.23370424956798933,0,-0.18606232536937603,0,-0.22271770159368698,0,Unexplained,-0.18606232536937603
Carbamazepine,-0.18102653330294494,0,-0.1441232575024438,0,-0.17251638983558856,0,Unexplained,-0.1441232575024438
Carbinoxamine maleate,-0.10451571773292,0,-0.08320960151552169,0,-0.09960238411119947,0,Unexplained,-0.08320960151552169
Carboprost tromethamine,-0.14780754549905364,0,-0.11767614698291161,0,-0.14085904245475275,0,Unexplained,-0.11767614698291161
Carfilzomib,-0.2560101785464095,0,-0.20382106541334596,0,-0.2439750182371333,0,Unexplained,-0.20382106541334596
Carglumic acid,-0.10451571773292,0,-0.08320960151552169,0,-0.09960238411119947,0,Unexplained,-0.08320960151552169
Carisoprodol,-0.23370424956798933,0,-0.18606232536937603,0,-0.22271770159368698,0,Unexplained,-0.18606232536937603
Carvedilol,-0.44342263649716096,0,-0.35302844094873487,0,-0.4225771273642583,0,Unexplained,-0.35302844094873487
Cefaclor,-0.14780754549905364,0,-0.11767614698291161,0,-0.14085904245475275,0,Unexplained,-0.11767614698291161
Cefazolin sodium,-0.2956150909981073,0,-0.23535229396582322,0,-0.2817180849095055,0,Unexplained,-0.23535229396582322
Cefdinir,-0.18102653330294494,0,-0.1441232575024438,0,-0.17251638983558856,0,Unexplained,-0.1441232575024438
Cefepime hydrochloride,-0.27652259721872974,0,-0.22015191230285366,0,-0.26352313834736496,0,Unexplained,-0.22015191230285366
Cefixime,-0.14780754549905364,0,-0.11767614698291161,0,-0.14085904245475275,0,Unexplained,-0.11767614698291161
Cefoperazone sodium,-0.31354715319876,0,-0.24962880454656505,0,-0.29880715233359845,0,Unexplained,-0.24962880454656505
Cefotaxime sodium,-0.376836779377964,0,-0.30001648487513954,0,-0.35912150307138946,0,Unexplained,-0.30001648487513954
Cefprozil,-0.18102653330294494,0,-0.1441232575024438,0,-0.17251638983558856,0,Unexplained,-0.1441232575024438
Ceftaroline fosamil,-0.10451571773292,0,-0.08320960151552169,0,-0.09960238411119947,0,Unexplained,-0.08320960151552169
Ceftazidime,-0.23370424956798933,0,-0.18606232536937603,0,-0.22271770159368698,0,Unexplained,-0.18606232536937603
Ceftriaxone sodium,-0.23370424956798933,0,-0.18606232536937603,0,-0.22271770159368698,0,Unexplained,-0.18606232536937603
Cefuroxime sodium,-0.10451571773292,0,-0.08320960151552169,0,-0.09960238411119947,0,Unexplained,-0.08320960151552169
Celecoxib,-0.27652259721872974,0,-0.22015191230285366,0,-0.26352313834736496,0,Unexplained,-0.22015191230285366
Cephalexin,-0.23370424956798933,0,-0.18606232536937603,0,-0.22271770159368698,0,Unexplained,-0.18606232536937603
Ceritinib,-0.10451571773292,0,-0.08320960151552169,0,-0.09960238411119947,0,Unexplained,-0.08320960151552169
Cetirizine hydrochloride,-0.10451571773292,0,-0.08320960151552169,0,-0.09960238411119947,0,Unexplained,-0.08320960151552169
Chloramphenicol,-0.18102653330294494,0,-0.1441232575024438,0,-0.17251638983558856,0,Unexplained,-0.1441232575024438
Chlorcyclizine hydrochloride,-0.10451571773292,0,-0.08320960151552169,0,-0.09960238411119947,0,Unexplained,-0.08320960151552169
Chlordiazepoxide hydrochloride,-0.14780754549905364,0,-0.11767614698291161,0,-0.14085904245475275,0,Unexplained,-0.11767614698291161
Chlormezanone,-0.10451571773292,0,-0.08320960151552169,0,-0.09960238411119947,0,Unexplained,-0.08320960151552169
Chlorothiazide,-0.18102653330294494,0,-0.1441232575024438,0,-0.17251638983558856,0,Unexplained,-0.1441232575024438
Chlorpheniramine maleate,-0.20903143546584,0,-0.16641920303104338,0,-0.19920476822239894,0,Unexplained,-0.16641920303104338
Chlorpromazine hydrochloride,-0.4789511878237443,0,-0.38131429749199036,0,-0.45643546458763845,0,Unexplained,-0.38131429749199036
Chlorpropamide,-0.14780754549905364,0,-0.11767614698291161,0,-0.14085904245475275,0,Unexplained,-0.11767614698291161
Chlorzoxazone,-0.10451571773292,0,-0.08320960151552169,0,-0.09960238411119947,0,Unexplained,-0.08320960151552169
Cimetidine,-0.10451571773292,0,-0.08320960151552169,0,-0.09960238411119947,0,Unexplained,-0.08320960151552169
Cinacalcet hydrochloride,-0.10451571773292,0,-0.08320960151552169,0,-0.09960238411119947,0,Unexplained,-0.08320960151552169
Ciprofloxacin hydrochloride,-0.376836779377964,0,-0.30001648487513954,0,-0.35912150307138946,0,Unexplained,-0.30001648487513954
Cisplatin,-0.20903143546584,0,-0.16641920303104338,0,-0.19920476822239894,0,Unexplained,-0.16641920303104338
Cladribine,-0.3466394204147899,0,-0.2759750271819735,0,-0.33034373632170494,0,Unexplained,-0.2759750271819735
Clarithromycin,-0.20903143546584,0,-0.16641920303104338,0,-0.19920476822239894,0,Unexplained,-0.16641920303104338
Clevidipine,-0.20903143546584,0,-0.16641920303104338,0,-0.19920476822239894,0,Unexplained,-0.16641920303104338
Clindamycin hydrochloride,-0.10451571773292,0,-0.08320960151552169,0,-0.09960238411119947,0,Unexplained,-0.08320960151552169
Clofibrate,-0.14780754549905364,0,-0.11767614698291161,0,-0.14085904245475275,0,Unexplained,-0.11767614698291161
Clomiphene citrate,-0.14780754549905364,0,-0.11767614698291161,0,-0.14085904245475275,0,Unexplained,-0.11767614698291161
Clomipramine hydrochloride,-0.2560101785464095,0,-0.20382106541334596,0,-0.2439750182371333,0,Unexplained,-0.20382106541334596
Clonazepam,-0.14780754549905364,0,-0.11767614698291161,0,-0.14085904245475275,0,Unexplained,-0.11767614698291161
Clotrimazole,-0.23370424956798933,0,-0.18606232536937603,0,-0.22271770159368698,0,Unexplained,-0.18606232536937603
Cloxacillin sodium,-0.18102653330294494,0,-0.1441232575024438,0,-0.17251638983558856,0,Unexplained,-0.1441232575024438
Clozapine,-0.6003970880646444,0,-0.47800276869938,0,-0.5721721352713293,0,Unexplained,-0.47800276869938
Codeine sulfate,-0.18102653330294494,0,-0.1441232575024438,0,-0.17251638983558856,0,Unexplained,-0.1441232575024438
Colistimethate sodium,-0.10451571773292,0,-0.08320960151552169,0,-0.09960238411119947,0,Unexplained,-0.08320960151552169
Conivaptan hydrochloride,-0.14780754549905364,0,-0.11767614698291161,0,-0.14085904245475275,0,Unexplained,-0.11767614698291161
Copper cu-64 dotatate,-0.10451571773292,0,-0.08320960151552169,0,-0.09960238411119947,0,Unexplained,-0.08320960151552169
Corticorelin ovine triflutate,-0.14780754549905364,0,-0.11767614698291161,0,-0.14085904245475275,0,Unexplained,-0.11767614698291161
Corticotropin,-0.14780754549905364,0,-0.11767614698291161,0,-0.14085904245475275,0,Unexplained,-0.11767614698291161
Cosyntropin,-0.10451571773292,0,-0.08320960151552169,0,-0.09960238411119947,0,Unexplained,-0.08320960151552169
Crizotinib,-0.20903143546584,0,-0.16641920303104338,0,-0.19920476822239894,0,Unexplained,-0.16641920303104338
Cromoglicate,-0.14780754549905364,0,-0.11767614698291161,0,-0.14085904245475275,0,Unexplained,-0.11767614698291161
Cupric chloride,-0.14780754549905364,0,-0.11767614698291161,0,-0.14085904245475275,0,Unexplained,-0.11767614698291161
Cyanocobalamin,-0.2560101785464095,0,-0.20382106541334596,0,-0.2439750182371333,0,Unexplained,-0.20382106541334596
Cyclobenzaprine hydrochloride,-0.330507719323277,0,-0.2631318639840472,0,-0.314970394174356,0,Unexplained,-0.2631318639840472
Cyclofenil,-0.10451571773292,0,-0.08320960151552169,0,-0.09960238411119947,0,Unexplained,-0.08320960151552169
Cyclophosphamide,-0.10451571773292,0,-0.08320960151552169,0,-0.09960238411119947,0,Unexplained,-0.08320960151552169
Cyclosporine,-0.23370424956798933,0,-0.18606232536937603,0,-0.22271770159368698,0,Unexplained,-0.18606232536937603
Cyproheptadine hydrochloride,-0.31354715319876,0,-0.24962880454656505,0,-0.29880715233359845,0,Unexplained,-0.24962880454656505
Cytarabine,-0.14780754549905364,0,-0.11767614698291161,0,-0.14085904245475275,0,Unexplained,-0.11767614698291161
Dabigatran etexilate mesylate,-0.10451571773292,0,-0.08320960151552169,0,-0.09960238411119947,0,Unexplained,-0.08320960151552169
Dacarbazine,-0.14780754549905364,0,-0.11767614698291161,0,-0.14085904245475275,0,Unexplained,-0.11767614698291161
Dacomitinib,-0.18102653330294494,0,-0.1441232575024438,0,-0.17251638983558856,0,Unexplained,-0.1441232575024438
Dactinomycin,-0.14780754549905364,0,-0.11767614698291161,0,-0.14085904245475275,0,Unexplained,-0.11767614698291161
Dalfampridine,-0.41806287093168,0,-0.33283840606208676,0,-0.3984095364447979,0,Unexplained,-0.33283840606208676
Dalteparin sodium,-0.18102653330294494,0,-0.1441232575024438,0,-0.17251638983558856,0,Unexplained,-0.1441232575024438
Danazol,-0.2560101785464095,0,-0.20382106541334596,0,-0.2439750182371333,0,Unexplained,-0.20382106541334596
Dantrolene sodium,-0.10451571773292,0,-0.08320960151552169,0,-0.09960238411119947,0,Unexplained,-0.08320960151552169
Dapagliflozin,-0.10451571773292,0,-0.08320960151552169,0,-0.09960238411119947,0,Unexplained,-0.08320960151552169
Dapsone,-0.14780754549905364,0,-0.11767614698291161,0,-0.14085904245475275,0,Unexplained,-0.11767614698291161
Daptomycin,-0.10451571773292,0,-0.08320960151552169,0,-0.09960238411119947,0,Unexplained,-0.08320960151552169
Darunavir,-0.14780754549905364,0,-0.11767614698291161,0,-0.14085904245475275,0,Unexplained,-0.11767614698291161
Dasatinib,-0.5012397737851919,0,-0.39905922999042875,0,-0.47767625351759235,0,Unexplained,-0.39905922999042875
Daunorubicin hydrochloride,-0.14780754549905364,0,-0.11767614698291161,0,-0.14085904245475275,0,Unexplained,-0.11767614698291161
Deferoxamine mesylate,-0.10451571773292,0,-0.08320960151552169,0,-0.09960238411119947,0,Unexplained,-0.08320960151552169
Defibrotide sodium,-0.18102653330294494,0,-0.1441232575024438,0,-0.17251638983558856,0,Unexplained,-0.1441232575024438
Deflazacort,-0.10451571773292,0,-0.08320960151552169,0,-0.09960238411119947,0,Unexplained,-0.08320960151552169
Deoxycholic acid,-0.376836779377964,0,3.05621188438741,1,2.453076113287645,1,Cholestatic+Reactive,3.05621188438741
Desloratadine,-0.10451571773292,0,-0.08320960151552169,0,-0.09960238411119947,0,Unexplained,-0.08320960151552169
Deutetrabenazine,-0.10451571773292,0,-0.08320960151552169,0,-0.09960238411119947,0,Unexplained,-0.08320960151552169
Dexbrompheniramine maleate,-0.10451571773292,0,-0.08320960151552169,0,-0.09960238411119947,0,Unexplained,-0.08320960151552169
Dexlansoprazole,-0.18102653330294494,0,-0.1441232575024438,0,-0.17251638983558856,0,Unexplained,-0.1441232575024438
Dexmethylphenidate hydrochloride,-0.18102653330294494,0,-0.1441232575024438,0,-0.17251638983558856,0,Unexplained,-0.1441232575024438
Dextroamphetamine sulfate,-0.2560101785464095,0,-0.20382106541334596,0,-0.2439750182371333,0,Unexplained,-0.20382106541334596
Diazepam,-0.14780754549905364,0,-0.11767614698291161,0,-0.14085904245475275,0,Unexplained,-0.11767614698291161
Dichlorphenamide,-0.23370424956798933,0,-0.18606232536937603,0,-0.22271770159368698,0,Unexplained,-0.18606232536937603
Diclofenac sodium,-0.14780754549905364,0,-0.11767614698291161,0,-0.14085904245475275,0,Unexplained,-0.11767614698291161
Dicloxacillin sodium,-0.2560101785464095,0,-0.20382106541334596,0,-0.2439750182371333,0,Unexplained,-0.20382106541334596
Dicyclomine hydrochloride,-0.18102653330294494,0,-0.1441232575024438,0,-0.17251638983558856,0,Unexplained,-0.1441232575024438
Didanosine,-0.18102653330294494,0,-0.1441232575024438,0,-0.17251638983558856,0,Unexplained,-0.1441232575024438
Diethylpropion hydrochloride,-0.18102653330294494,0,-0.1441232575024438,0,-0.17251638983558856,0,Unexplained,-0.1441232575024438
Difelikefalin acetate,-0.10451571773292,0,-0.08320960151552169,0,-0.09960238411119947,0,Unexplained,-0.08320960151552169
Diflunisal,-0.14780754549905364,0,-0.11767614698291161,0,-0.14085904245475275,0,Unexplained,-0.11767614698291161
Digoxin,-0.27652259721872974,0,-0.22015191230285366,0,-0.26352313834736496,0,Unexplained,-0.22015191230285366
Dihydroergotamine mesylate,-0.40478763419651437,0,-0.32226940091417094,0,-0.3857583749052298,0,Unexplained,-0.32226940091417094
Diltiazem hydrochloride,-0.18102653330294494,0,-0.1441232575024438,0,-0.17251638983558856,0,Unexplained,-0.1441232575024438
Dimenhydrinate,-0.10451571773292,0,-0.08320960151552169,0,-0.09960238411119947,0,Unexplained,-0.08320960151552169
Dimercaprol,-0.10451571773292,0,-0.08320960151552169,0,-0.09960238411119947,0,Unexplained,-0.08320960151552169
Dimethyl fumarate,-0.14780754549905364,0,-0.11767614698291161,0,-0.14085904245475275,0,Unexplained,-0.11767614698291161
Diphenhydramine hydrochloride,-0.18102653330294494,0,-0.1441232575024438,0,-0.17251638983558856,0,Unexplained,-0.1441232575024438
Diphenoxylate,-0.14780754549905364,0,-0.11767614698291161,0,-0.14085904245475275,0,Unexplained,-0.11767614698291161
Disulfiram,-0.18102653330294494,0,-0.1441232575024438,0,-0.17251638983558856,0,Unexplained,-0.1441232575024438
Dobutamine hydrochloride,-0.20903143546584,0,-0.16641920303104338,0,-0.19920476822239894,0,Unexplained,-0.16641920303104338
Docetaxel,5.403367736466689,1,-0.1441232575024438,0,-0.17251638983558856,0,Mitochondrial,5.403367736466689
Dofetilide,-0.18102653330294494,0,-0.1441232575024438,0,-0.17251638983558856,0,Unexplained,-0.1441232575024438
Dolutegravir sodium,-0.14780754549905364,0,-0.11767614698291161,0,-0.14085904245475275,0,Unexplained,-0.11767614698291161
Donepezil hydrochloride,-0.2956150909981073,0,-0.23535229396582322,0,-0.2817180849095055,0,Unexplained,-0.23535229396582322
Dopamine hydrochloride,-0.40478763419651437,0,-0.32226940091417094,0,-0.3857583749052298,0,Unexplained,-0.32226940091417094
Doxapram hydrochloride,-0.14780754549905364,0,-0.11767614698291161,0,-0.14085904245475275,0,Unexplained,-0.11767614698291161
Doxazosin mesylate,-0.20903143546584,0,-0.16641920303104338,0,-0.19920476822239894,0,Unexplained,-0.16641920303104338
Doxepin hydrochloride,-0.4555734516094202,0,-0.3627022441384479,0,-0.43415672687643975,0,Unexplained,-0.3627022441384479
Doxorubicin hydrochloride,-0.23370424956798933,0,-0.18606232536937603,0,-0.22271770159368698,0,Unexplained,-0.18606232536937603
Dronedarone hydrochloride,-0.5225785886646,0,-0.41604800757760846,0,-0.4980119205559973,0,Unexplained,-0.41604800757760846
Droperidol,-0.14780754549905364,0,-0.11767614698291161,0,-0.14085904245475275,0,Unexplained,-0.11767614698291161
Droxicam,-0.14780754549905364,0,-0.11767614698291161,0,-0.14085904245475275,0,Unexplained,-0.11767614698291161
Droxidopa,-0.330507719323277,0,-0.2631318639840472,0,-0.314970394174356,0,Unexplained,-0.2631318639840472
Duloxetine hydrochloride,-0.18102653330294494,0,-0.1441232575024438,0,-0.17251638983558856,0,Unexplained,-0.1441232575024438
Dutasteride,-0.18102653330294494,0,-0.1441232575024438,0,-0.17251638983558856,0,Unexplained,-0.1441232575024438
Dyphylline,-0.27652259721872974,0,-0.22015191230285366,0,-0.26352313834736496,0,Unexplained,-0.22015191230285366
Ecallantide,-0.10451571773292,0,-0.08320960151552169,0,-0.09960238411119947,0,Unexplained,-0.08320960151552169
Edaravone,9.567938887004585,1,-0.08320960151552169,0,-0.09960238411119947,0,Mitochondrial,9.567938887004585
Efavirenz,-0.14780754549905364,0,-0.11767614698291161,0,-0.14085904245475275,0,Unexplained,-0.11767614698291161
Eliglustat tartrate,-0.10451571773292,0,-0.08320960151552169,0,-0.09960238411119947,0,Unexplained,-0.08320960151552169
Empagliflozin,-0.10451571773292,0,-0.08320960151552169,0,-0.09960238411119947,0,Unexplained,-0.08320960151552169
Enalapril maleate,-0.10451571773292,0,-0.08320960151552169,0,-0.09960238411119947,0,Unexplained,-0.08320960151552169
Enoxaparin sodium,-0.18102653330294494,0,-0.1441232575024438,0,-0.17251638983558856,0,Unexplained,-0.1441232575024438
Entacapone,-0.10451571773292,0,-0.08320960151552169,0,-0.09960238411119947,0,Unexplained,-0.08320960151552169
Enzalutamide,-0.10451571773292,0,-0.08320960151552169,0,-0.09960238411119947,0,Unexplained,-0.08320960151552169
Ephedrine sulfate,-0.23370424956798933,0,-0.18606232536937603,0,-0.22271770159368698,0,Unexplained,-0.18606232536937603
Epinephrine,-0.2956150909981073,0,-0.23535229396582322,0,-0.2817180849095055,0,Unexplained,-0.23535229396582322
Eplerenone,-0.10451571773292,0,-0.08320960151552169,0,-0.09960238411119947,0,Unexplained,-0.08320960151552169
Epoetin alfa,-0.10451571773292,0,-0.08320960151552169,0,-0.09960238411119947,0,Unexplained,-0.08320960151552169
Eptifibatide,-0.18102653330294494,0,-0.1441232575024438,0,-0.17251638983558856,0,Unexplained,-0.1441232575024438
Ergocalciferol,-0.14780754549905364,0,-0.11767614698291161,0,-0.14085904245475275,0,Unexplained,-0.11767614698291161
Erlotinib hydrochloride,-0.14780754549905364,0,-0.11767614698291161,0,-0.14085904245475275,0,Unexplained,-0.11767614698291161
Ertugliflozin,-0.10451571773292,0,-0.08320960151552169,0,-0.09960238411119947,0,Unexplained,-0.08320960151552169
Erythropoietin,-0.10451571773292,0,-0.08320960151552169,0,-0.09960238411119947,0,Unexplained,-0.08320960151552169
Esmolol hydrochloride,-0.10451571773292,0,-0.08320960151552169,0,-0.09960238411119947,0,Unexplained,-0.08320960151552169
Esomeprazole sodium,-0.18102653330294494,0,-0.1441232575024438,0,-0.17251638983558856,0,Unexplained,-0.1441232575024438
Estazolam,-0.14780754549905364,0,-0.11767614698291161,0,-0.14085904245475275,0,Unexplained,-0.11767614698291161
Estradiol valerate,-0.330507719323277,0,-0.2631318639840472,0,-0.314970394174356,0,Unexplained,-0.2631318639840472
Eszopiclone,-0.23370424956798933,0,-0.18606232536937603,0,-0.22271770159368698,0,Unexplained,-0.18606232536937603
Etelcalcetide,-0.10451571773292,0,-0.08320960151552169,0,-0.09960238411119947,0,Unexplained,-0.08320960151552169
Ethambutol hydrochloride,-0.18102653330294494,0,-0.1441232575024438,0,-0.17251638983558856,0,Unexplained,-0.1441232575024438
Ethanolamine oleate,-0.10451571773292,0,-0.08320960151552169,0,-0.09960238411119947,0,Unexplained,-0.08320960151552169
Ethionamide,-0.18102653330294494,0,-0.1441232575024438,0,-0.17251638983558856,0,Unexplained,-0.1441232575024438
Etodolac,-0.18102653330294494,0,-0.1441232575024438,0,-0.17251638983558856,0,Unexplained,-0.1441232575024438
Etomidate,-0.18102653330294494,0,-0.1441232575024438,0,-0.17251638983558856,0,Unexplained,-0.1441232575024438
Etoposide,-0.14780754549905364,0,-0.11767614698291161,0,-0.14085904245475275,0,Unexplained,-0.11767614698291161
Etravirine,-0.18102653330294494,0,-0.1441232575024438,0,-0.17251638983558856,0,Unexplained,-0.1441232575024438
Everolimus,-0.10451571773292,0,-0.08320960151552169,0,-0.09960238411119947,0,Unexplained,-0.08320960151552169
Exemestane,-0.10451571773292,0,-0.08320960151552169,0,-0.09960238411119947,0,Unexplained,-0.08320960151552169
Exenatide synthetic,-0.10451571773292,0,-0.08320960151552169,0,-0.09960238411119947,0,Unexplained,-0.08320960151552169
Ezetimibe,-0.18102653330294494,0,-0.1441232575024438,0,-0.17251638983558856,0,Unexplained,-0.1441232575024438
Falnidamol,-0.10451571773292,0,-0.08320960151552169,0,-0.09960238411119947,0,Unexplained,-0.08320960151552169
Famotidine,-0.10451571773292,0,-0.08320960151552169,0,-0.09960238411119947,0,Unexplained,-0.08320960151552169
Febuxostat,-0.10451571773292,0,-0.08320960151552169,0,-0.09960238411119947,0,Unexplained,-0.08320960151552169
Felbamate,-0.14780754549905364,0,-0.11767614698291161,0,-0.14085904245475275,0,Unexplained,-0.11767614698291161
Felodipine,-0.376836779377964,0,-0.30001648487513954,0,-0.35912150307138946,0,Unexplained,-0.30001648487513954
Fenofibrate,-0.18102653330294494,0,-0.1441232575024438,0,-0.17251638983558856,0,Unexplained,-0.1441232575024438
Fenofibric acid,-0.2560101785464095,0,-0.20382106541334596,0,-0.2439750182371333,0,Unexplained,-0.20382106541334596
Fenoldopam mesylate,-0.2956150909981073,0,-0.23535229396582322,0,-0.2817180849095055,0,Unexplained,-0.23535229396582322
Ferric maltol,-0.14780754549905364,0,-0.11767614698291161,0,-0.14085904245475275,0,Unexplained,-0.11767614698291161
Fexofenadine hydrochloride,-0.10451571773292,0,-0.08320960151552169,0,-0.09960238411119947,0,Unexplained,-0.08320960151552169
Fialuridine,-0.10451571773292,0,-0.08320960151552169,0,-0.09960238411119947,0,Unexplained,-0.08320960151552169
Finasteride,-0.20903143546584,0,-0.16641920303104338,0,-0.19920476822239894,0,Unexplained,-0.16641920303104338
Finerenone,-0.10451571773292,0,-0.08320960151552169,0,-0.09960238411119947,0,Unexplained,-0.08320960151552169
Fingolimod hydrochloride,-0.27652259721872974,0,-0.22015191230285366,0,-0.26352313834736496,0,Unexplained,-0.22015191230285366
Flavoxate hydrochloride,-0.18102653330294494,0,-0.1441232575024438,0,-0.17251638983558856,0,Unexplained,-0.1441232575024438
Flecainide acetate,-0.20903143546584,0,-0.16641920303104338,0,-0.19920476822239894,0,Unexplained,-0.16641920303104338
Flibanserin,-0.18102653330294494,0,-0.1441232575024438,0,-0.17251638983558856,0,Unexplained,-0.1441232575024438
Florbetaben f-18,-0.10451571773292,0,-0.08320960151552169,0,-0.09960238411119947,0,Unexplained,-0.08320960151552169
Florbetapir f-18,-0.10451571773292,0,-0.08320960151552169,0,-0.09960238411119947,0,Unexplained,-0.08320960151552169
Flortaucipir f-18,-0.18102653330294494,0,-0.1441232575024438,0,-0.17251638983558856,0,Unexplained,-0.1441232575024438
Fluciclovine f-18,-0.2956150909981073,0,-0.23535229396582322,0,-0.2817180849095055,0,Unexplained,-0.23535229396582322
Fluconazole,-0.10451571773292,0,-0.08320960151552169,0,-0.09960238411119947,0,Unexplained,-0.08320960151552169
Fludrocortisone acetate,-0.18102653330294494,0,-0.1441232575024438,0,-0.17251638983558856,0,Unexplained,-0.1441232575024438
Flumazenil,-0.27652259721872974,0,-0.22015191230285366,0,-0.26352313834736496,0,Unexplained,-0.22015191230285366
Fluorescein sodium,-0.14780754549905364,0,-0.11767614698291161,0,-0.14085904245475275,0,Unexplained,-0.11767614698291161
Fluoroestradiol f-18,-0.14780754549905364,0,-0.11767614698291161,0,-0.14085904245475275,0,Unexplained,-0.11767614698291161
Fluorouracil,-0.20903143546584,0,-0.16641920303104338,0,-0.19920476822239894,0,Unexplained,-0.16641920303104338
Fluoxetine hydrochloride,-0.27652259721872974,0,-0.22015191230285366,0,-0.26352313834736496,0,Unexplained,-0.22015191230285366
Flurazepam hydrochloride,-0.14780754549905364,0,-0.11767614698291161,0,-0.14085904245475275,0,Unexplained,-0.11767614698291161
Flurbiprofen sodium,-0.14780754549905364,0,-0.11767614698291161,0,-0.14085904245475275,0,Unexplained,-0.11767614698291161
Flutamide,-0.18102653330294494,0,-0.1441232575024438,0,-0.17251638983558856,0,Unexplained,-0.1441232575024438
Flutemetamol f-18,-0.10451571773292,0,-0.08320960151552169,0,-0.09960238411119947,0,Unexplained,-0.08320960151552169
Fluvastatin sodium,-0.14780754549905364,0,-0.11767614698291161,0,-0.14085904245475275,0,Unexplained,-0.11767614698291161
Folic acid,-0.23370424956798933,0,-0.18606232536937603,0,-0.22271770159368698,0,Unexplained,-0.18606232536937603
Fondaparinux sodium,-0.14780754549905364,0,-0.11767614698291161,0,-0.14085904245475275,0,Unexplained,-0.11767614698291161
Fosinopril sodium,-0.10451571773292,0,-0.08320960151552169,0,-0.09960238411119947,0,Unexplained,-0.08320960151552169
Fosphenytoin sodium,-0.10451571773292,0,-0.08320960151552169,0,-0.09960238411119947,0,Unexplained,-0.08320960151552169
Gabapentin,-0.2956150909981073,0,-0.23535229396582322,0,-0.2817180849095055,0,Unexplained,-0.23535229396582322
Gabapentin enacarbil,-0.18102653330294494,0,-0.1441232575024438,0,-0.17251638983558856,0,Unexplained,-0.1441232575024438
Gadofosveset trisodium,-0.10451571773292,0,-0.08320960151552169,0,-0.09960238411119947,0,Unexplained,-0.08320960151552169
Gallium ga-68 edotreotide,-0.20903143546584,0,-0.16641920303104338,0,-0.19920476822239894,0,Unexplained,-0.16641920303104338
Gallium ga-68 gozetotide,-0.14780754549905364,0,-0.11767614698291161,0,-0.14085904245475275,0,Unexplained,-0.11767614698291161
Ganirelix acetate,-0.10451571773292,0,-0.08320960151552169,0,-0.09960238411119947,0,Unexplained,-0.08320960151552169
Gefitinib,-0.10451571773292,0,-0.08320960151552169,0,-0.09960238411119947,0,Unexplained,-0.08320960151552169
Gemcitabine hydrochloride,-0.20903143546584,0,-0.16641920303104338,0,-0.19920476822239894,0,Unexplained,-0.16641920303104338
Gemfibrozil,-0.2560101785464095,0,-0.20382106541334596,0,-0.2439750182371333,0,Unexplained,-0.20382106541334596
Gemifloxacin mesylate,-0.20903143546584,0,-0.16641920303104338,0,-0.19920476822239894,0,Unexplained,-0.16641920303104338
Glimepiride,-0.20903143546584,0,-0.16641920303104338,0,-0.19920476822239894,0,Unexplained,-0.16641920303104338
Glipizide,-0.18102653330294494,0,-0.1441232575024438,0,-0.17251638983558856,0,Unexplained,-0.1441232575024438
Glyburide,-0.2956150909981073,0,4.043016192770034,1,-0.2817180849095055,0,Cholestatic,4.043016192770034
Glycopyrrolate,-0.23370424956798933,0,-0.18606232536937603,0,-0.22271770159368698,0,Unexplained,-0.18606232536937603
Guaifenesin,-0.10451571773292,0,-0.08320960151552169,0,-0.09960238411119947,0,Unexplained,-0.08320960151552169
Heparin sodium,-0.3620530666058899,0,-0.2882465150048876,0,-0.3450327796711771,0,Unexplained,-0.2882465150048876
Hydralazine hydrochloride,-0.18102653330294494,0,-0.1441232575024438,0,-0.17251638983558856,0,Unexplained,-0.1441232575024438
Hydrochlorothiazide,-0.18102653330294494,0,-0.1441232575024438,0,-0.17251638983558856,0,Unexplained,-0.1441232575024438
Hydrocortisone acetate,-0.14780754549905364,0,-0.11767614698291161,0,-0.14085904245475275,0,Unexplained,-0.11767614698291161
Hydroxychloroquine sulfate,-0.18102653330294494,0,-0.1441232575024438,0,-0.17251638983558856,0,Unexplained,-0.1441232575024438
Hydroxyurea,-0.14780754549905364,0,-0.11767614698291161,0,-0.14085904245475275,0,Unexplained,-0.11767614698291161
Hydroxyzine hydrochloride,-0.14780754549905364,0,-0.11767614698291161,0,-0.14085904245475275,0,Unexplained,-0.11767614698291161
Ibandronate sodium,-0.14780754549905364,0,-0.11767614698291161,0,-0.14085904245475275,0,Unexplained,-0.11767614698291161
Ibrutinib,-0.10451571773292,0,-0.08320960151552169,0,-0.09960238411119947,0,Unexplained,-0.08320960151552169
Ibuprofen,2.3058194542357935,1,-0.30001648487513954,0,-0.35912150307138946,0,Mitochondrial,2.3058194542357935
Idelalisib,-0.10451571773292,0,-0.08320960151552169,0,-0.09960238411119947,0,Unexplained,-0.08320960151552169
Ifosfamide,-0.10451571773292,0,-0.08320960151552169,0,-0.09960238411119947,0,Unexplained,-0.08320960151552169
Imatinib mesylate,-0.3466394204147899,0,-0.2759750271819735,0,-0.33034373632170494,0,Unexplained,-0.2759750271819735
Imipramine hydrochloride,-0.512020357092819,0,-0.40764213082669193,0,-0.4879500364742666,0,Unexplained,-0.40764213082669193
Indomethacin,-0.330507719323277,0,-0.2631318639840472,0,-0.314970394174356,0,Unexplained,-0.2631318639840472
Interferon alfa-2b,-0.18102653330294494,0,-0.1441232575024438,0,-0.17251638983558856,0,Unexplained,-0.1441232575024438
Iodipamide sodium,-0.10451571773292,0,-0.08320960151552169,0,-0.09960238411119947,0,Unexplained,-0.08320960151552169
Ioflupane i-123,-0.10451571773292,0,-0.08320960151552169,0,-0.09960238411119947,0,Unexplained,-0.08320960151552169
Iproniazid,-0.14780754549905364,0,-0.11767614698291161,0,-0.14085904245475275,0,Unexplained,-0.11767614698291161
Irbesartan,-0.14780754549905364,0,-0.11767614698291161,0,-0.14085904245475275,0,Unexplained,-0.11767614698291161
Irinotecan hydrochloride,-0.14780754549905364,0,-0.11767614698291161,0,-0.14085904245475275,0,Unexplained,-0.11767614698291161
Isoniazid,-0.27652259721872974,0,-0.22015191230285366,0,7.40123557129885,2,Reactive,7.40123557129885
Isoproterenol hydrochloride,-0.23370424956798933,0,-0.18606232536937603,0,-0.22271770159368698,0,Unexplained,-0.18606232536937603
Isosorbide dinitrate,-0.10451571773292,0,-0.08320960151552169,0,-0.09960238411119947,0,Unexplained,-0.08320960151552169
Isotretinoin,-0.14780754549905364,0,-0.11767614698291161,0,-0.14085904245475275,0,Unexplained,-0.11767614698291161
Isradipine,-0.27652259721872974,0,-0.22015191230285366,0,-0.26352313834736496,0,Unexplained,-0.22015191230285366
Istradefylline,-0.14780754549905364,0,-0.11767614698291161,0,-0.14085904245475275,0,Unexplained,-0.11767614698291161
Itraconazole,-0.14780754549905364,0,-0.11767614698291161,0,-0.14085904245475275,0,Unexplained,-0.11767614698291161
Ivabradine hydrochloride,-0.10451571773292,0,-0.08320960151552169,0,-0.09960238411119947,0,Unexplained,-0.08320960151552169
Ivacaftor,-0.10451571773292,0,-0.08320960151552169,0,-0.09960238411119947,0,Unexplained,-0.08320960151552169
Ivermectin,-0.14780754549905364,0,-0.11767614698291161,0,-0.14085904245475275,0,Unexplained,-0.11767614698291161
Kanamycin,-0.10451571773292,0,-0.08320960151552169,0,-0.09960238411119947,0,Unexplained,-0.08320960151552169
Ketamine hydrochloride,-0.39106200728936025,0,-0.3113418201610679,0,-0.37267799624996495,0,Unexplained,-0.3113418201610679
Ketoconazole,-0.2956150909981073,0,-0.23535229396582322,0,-0.2817180849095055,0,Unexplained,-0.23535229396582322
Ketoprofen,-0.18102653330294494,0,-0.1441232575024438,0,-0.17251638983558856,0,Unexplained,-0.1441232575024438
Labetalol hydrochloride,-0.18102653330294494,0,-0.1441232575024438,0,-0.17251638983558856,0,Unexplained,-0.1441232575024438
Lactulose,-0.10451571773292,0,-0.08320960151552169,0,-0.09960238411119947,0,Unexplained,-0.08320960151552169
Lamivudine,-0.18102653330294494,0,-0.1441232575024438,0,-0.17251638983558856,0,Unexplained,-0.1441232575024438
Lamotrigine,-0.4309293437500699,0,-0.34308197611405133,0,-0.4106711502538176,0,Unexplained,-0.34308197611405133
Lansoprazole,-0.14780754549905364,0,-0.11767614698291161,0,-0.14085904245475275,0,Unexplained,-0.11767614698291161
Leflunomide,-0.20903143546584,0,-0.16641920303104338,0,-0.19920476822239894,0,Unexplained,-0.16641920303104338
Lemborexant,-0.14780754549905364,0,-0.11767614698291161,0,-0.14085904245475275,0,Unexplained,-0.11767614698291161
Lenalidomide,-0.23370424956798933,0,-0.18606232536937603,0,-0.22271770159368698,0,Unexplained,-0.18606232536937603
Letermovir,-0.10451571773292,0,-0.08320960151552169,0,-0.09960238411119947,0,Unexplained,-0.08320960151552169
Letrozole,-0.10451571773292,0,-0.08320960151552169,0,-0.09960238411119947,0,Unexplained,-0.08320960151552169
Leuprolide acetate,-0.14780754549905364,0,-0.11767614698291161,0,-0.14085904245475275,0,Unexplained,-0.11767614698291161
Levetiracetam,-0.18102653330294494,0,-0.1441232575024438,0,-0.17251638983558856,0,Unexplained,-0.1441232575024438
Levocarnitine,-0.3620530666058899,0,-0.2882465150048876,0,-0.3450327796711771,0,Unexplained,-0.2882465150048876
Levofloxacin,-0.20903143546584,0,-0.16641920303104338,0,-0.19920476822239894,0,Unexplained,-0.16641920303104338
Levoleucovorin,-0.10451571773292,0,-0.08320960151552169,0,-0.09960238411119947,0,Unexplained,-0.08320960151552169
Levonorgestrel,-0.2560101785464095,0,-0.20382106541334596,0,-0.2439750182371333,0,Unexplained,-0.20382106541334596
Levorphanol tartrate,-0.18102653330294494,0,-0.1441232575024438,0,-0.17251638983558856,0,Unexplained,-0.1441232575024438
Levothyroxine sodium,-0.20903143546584,0,-0.16641920303104338,0,-0.19920476822239894,0,Unexplained,-0.16641920303104338
Lidocaine,-0.2956150909981073,0,-0.23535229396582322,0,-0.2817180849095055,0,Unexplained,-0.23535229396582322
Linaclotide,-0.10451571773292,0,-0.08320960151552169,0,-0.09960238411119947,0,Unexplained,-0.08320960151552169
Linagliptin,-0.10451571773292,0,-0.08320960151552169,0,-0.09960238411119947,0,Unexplained,-0.08320960151552169
Liothyronine sodium,-0.18102653330294494,0,-0.1441232575024438,0,-0.17251638983558856,0,Unexplained,-0.1441232575024438
Liraglutide,-0.10451571773292,0,-0.08320960151552169,0,-0.09960238411119947,0,Unexplained,-0.08320960151552169
Lisinopril,-0.14780754549905364,0,-0.11767614698291161,0,-0.14085904245475275,0,Unexplained,-0.11767614698291161
Lofexidine hydrochloride,-0.2560101785464095,0,-0.20382106541334596,0,-0.2439750182371333,0,Unexplained,-0.20382106541334596
Lomitapide mesylate,-0.10451571773292,0,-0.08320960151552169,0,-0.09960238411119947,0,Unexplained,-0.08320960151552169
Lomustine,-0.10451571773292,0,-0.08320960151552169,0,-0.09960238411119947,0,Unexplained,-0.08320960151552169
Loperamide hydrochloride,-0.27652259721872974,0,-0.22015191230285366,0,-0.26352313834736496,0,Unexplained,-0.22015191230285366
Loracarbef,-0.14780754549905364,0,-0.11767614698291161,0,-0.14085904245475275,0,Unexplained,-0.11767614698291161
Loratadine,-0.14780754549905364,0,-0.11767614698291161,0,-0.14085904245475275,0,Unexplained,-0.11767614698291161
Lorazepam,-0.14780754549905364,0,-0.11767614698291161,0,-0.14085904245475275,0,Unexplained,-0.11767614698291161
Losartan potassium,-0.14780754549905364,0,-0.11767614698291161,0,-0.14085904245475275,0,Unexplained,-0.11767614698291161
Lovastatin,-0.18102653330294494,0,-0.1441232575024438,0,-0.17251638983558856,0,Unexplained,-0.1441232575024438
Lubiprostone,-0.10451571773292,0,-0.08320960151552169,0,-0.09960238411119947,0,Unexplained,-0.08320960151552169
Lumiracoxib,-0.14780754549905364,0,-0.11767614698291161,0,-0.14085904245475275,0,Unexplained,-0.11767614698291161
Lurasidone hydrochloride,-0.2560101785464095,0,-0.20382106541334596,0,-0.2439750182371333,0,Unexplained,-0.20382106541334596
Lusutrombopag,-0.10451571773292,0,-0.08320960151552169,0,-0.09960238411119947,0,Unexplained,-0.08320960151552169
Macimorelin acetate,-0.10451571773292,0,-0.08320960151552169,0,-0.09960238411119947,0,Unexplained,-0.08320960151552169
Macitentan,-0.14780754549905364,0,-0.11767614698291161,0,-0.14085904245475275,0,Unexplained,-0.11767614698291161
Maraviroc,-0.10451571773292,0,-0.08320960151552169,0,-0.09960238411119947,0,Unexplained,-0.08320960151552169
Maribavir,-0.10451571773292,0,-0.08320960151552169,0,-0.09960238411119947,0,Unexplained,-0.08320960151552169
Mebendazole,-0.14780754549905364,0,-0.11767614698291161,0,-0.14085904245475275,0,Unexplained,-0.11767614698291161
Mecamylamine hydrochloride,-0.20903143546584,0,-0.16641920303104338,0,-0.19920476822239894,0,Unexplained,-0.16641920303104338
Meclizine hydrochloride,-0.14780754549905364,0,-0.11767614698291161,0,-0.14085904245475275,0,Unexplained,-0.11767614698291161
Mefenamic acid,-0.14780754549905364,0,-0.11767614698291161,0,-0.14085904245475275,0,Unexplained,-0.11767614698291161
Mefloquine hydrochloride,-0.10451571773292,0,-0.08320960151552169,0,-0.09960238411119947,0,Unexplained,-0.08320960151552169
Meloxicam,-0.14780754549905364,0,-0.11767614698291161,0,-0.14085904245475275,0,Unexplained,-0.11767614698291161
Memantine hydrochloride,-0.23370424956798933,0,-0.18606232536937603,0,-0.22271770159368698,0,Unexplained,-0.18606232536937603
Meperidine hydrochloride,-0.3620530666058899,0,-0.2882465150048876,0,-0.3450327796711771,0,Unexplained,-0.2882465150048876
Mepivacaine hydrochloride,-0.10451571773292,0,-0.08320960151552169,0,-0.09960238411119947,0,Unexplained,-0.08320960151552169
Meprobamate,-0.2956150909981073,0,-0.23535229396582322,0,-0.2817180849095055,0,Unexplained,-0.23535229396582322
Mercaptopurine,-0.18102653330294494,0,-0.1441232575024438,0,-0.17251638983558856,0,Unexplained,-0.1441232575024438
Meropenem,-0.10451571773292,0,-0.08320960151552169,0,-0.09960238411119947,0,Unexplained,-0.08320960151552169
Mesalamine,-0.27652259721872974,0,-0.22015191230285366,0,-0.26352313834736496,0,Unexplained,-0.22015191230285366
Metaproterenol sulfate,-0.10451571773292,0,-0.08320960151552169,0,-0.09960238411119947,0,Unexplained,-0.08320960151552169
Metformin hydrochloride,-0.23370424956798933,0,-0.18606232536937603,0,-0.22271770159368698,0,Unexplained,-0.18606232536937603
Methamphetamine hydrochloride,-0.376836779377964,0,-0.30001648487513954,0,-0.35912150307138946,0,Unexplained,-0.30001648487513954
Methazolamide,-0.23370424956798933,0,-0.18606232536937603,0,-0.22271770159368698,0,Unexplained,-0.18606232536937603
Methimazole,-0.10451571773292,0,-0.08320960151552169,0,-0.09960238411119947,0,Unexplained,-0.08320960151552169
Methionine,-0.23370424956798933,0,-0.18606232536937603,0,-0.22271770159368698,0,Unexplained,-0.18606232536937603
Methotrexate sodium,-0.23370424956798933,0,-0.18606232536937603,0,-0.22271770159368698,0,Unexplained,-0.18606232536937603
Methoxsalen,-0.10451571773292,0,-0.08320960151552169,0,10.039920318408907,1,Reactive,10.039920318408907
Methscopolamine bromide,-0.18102653330294494,0,-0.1441232575024438,0,-0.17251638983558856,0,Unexplained,-0.1441232575024438
Methsuximide,-0.10451571773292,0,-0.08320960151552169,0,-0.09960238411119947,0,Unexplained,-0.08320960151552169
Methyldopa,-0.18102653330294494,0,-0.1441232575024438,0,-0.17251638983558856,0,Unexplained,-0.1441232575024438
Methylergonovine maleate,-0.14780754549905364,0,-0.11767614698291161,0,-0.14085904245475275,0,Unexplained,-0.11767614698291161
Methylphenidate hydrochloride,-0.18102653330294494,0,-0.1441232575024438,0,-0.17251638983558856,0,Unexplained,-0.1441232575024438
Methylprednisolone,-0.14780754549905364,0,-0.11767614698291161,0,-0.14085904245475275,0,Unexplained,-0.11767614698291161
Methyltestosterone,-0.14780754549905364,0,-0.11767614698291161,0,-0.14085904245475275,0,Unexplained,-0.11767614698291161
Methysergide maleate,-0.2956150909981073,0,-0.23535229396582322,0,-0.2817180849095055,0,Unexplained,-0.23535229396582322
Metoclopramide hydrochloride,-0.20903143546584,0,-0.16641920303104338,0,-0.19920476822239894,0,Unexplained,-0.16641920303104338
Metoprolol tartrate,-0.14780754549905364,0,-0.11767614698291161,0,-0.14085904245475275,0,Unexplained,-0.11767614698291161
Metronidazole,-0.10451571773292,0,-0.08320960151552169,0,-0.09960238411119947,0,Unexplained,-0.08320960151552169
Metyrapone,-0.14780754549905364,0,-0.11767614698291161,0,-0.14085904245475275,0,Unexplained,-0.11767614698291161
Metyrosine,-0.10451571773292,0,-0.08320960151552169,0,-0.09960238411119947,0,Unexplained,-0.08320960151552169
Mexiletine hydrochloride,-0.14780754549905364,0,-0.11767614698291161,0,-0.14085904245475275,0,Unexplained,-0.11767614698291161
Micafungin sodium,-0.14780754549905364,0,-0.11767614698291161,0,-0.14085904245475275,0,Unexplained,-0.11767614698291161
Midazolam hydrochloride,-0.18102653330294494,0,-0.1441232575024438,0,-0.17251638983558856,0,Unexplained,-0.1441232575024438
Midodrine hydrochloride,-0.18102653330294494,0,-0.1441232575024438,0,-0.17251638983558856,0,Unexplained,-0.1441232575024438
Mifepristone,-0.20903143546584,0,-0.16641920303104338,0,-0.19920476822239894,0,Unexplained,-0.16641920303104338
Migalastat hydrochloride,-0.10451571773292,0,-0.08320960151552169,0,-0.09960238411119947,0,Unexplained,-0.08320960151552169
Miglitol,-0.20903143546584,0,-0.16641920303104338,0,-0.19920476822239894,0,Unexplained,-0.16641920303104338
Miglustat,-0.10451571773292,0,-0.08320960151552169,0,-0.09960238411119947,0,Unexplained,-0.08320960151552169
Milnacipran hydrochloride,-0.18102653330294494,0,-0.1441232575024438,0,-0.17251638983558856,0,Unexplained,-0.1441232575024438
Minocycline hydrochloride,-0.3466394204147899,0,-0.2759750271819735,0,-0.33034373632170494,0,Unexplained,-0.2759750271819735
Minoxidil,-0.18102653330294494,0,-0.1441232575024438,0,-0.17251638983558856,0,Unexplained,-0.1441232575024438
Mirtazapine,-0.27652259721872974,0,-0.22015191230285366,0,-0.26352313834736496,0,Unexplained,-0.22015191230285366
Mitotane,-0.23370424956798933,0,-0.18606232536937603,0,-0.22271770159368698,0,Unexplained,-0.18606232536937603
Mitoxantrone hydrochloride,-0.14780754549905364,0,-0.11767614698291161,0,-0.14085904245475275,0,Unexplained,-0.11767614698291161
Modafinil,-0.14780754549905364,0,-0.11767614698291161,0,-0.14085904245475275,0,Unexplained,-0.11767614698291161
Montelukast sodium,-0.14780754549905364,0,-0.11767614698291161,0,-0.14085904245475275,0,Unexplained,-0.11767614698291161
Morphine sulfate,-0.20903143546584,0,-0.16641920303104338,0,-0.19920476822239894,0,Unexplained,-0.16641920303104338
Moxifloxacin hydrochloride,-0.2560101785464095,0,-0.20382106541334596,0,-0.2439750182371333,0,Unexplained,-0.20382106541334596
Moxisylyte,-0.14780754549905364,0,-0.11767614698291161,0,-0.14085904245475275,0,Unexplained,-0.11767614698291161
Mycophenolate mofetil,-0.20903143546584,0,-0.16641920303104338,0,-0.19920476822239894,0,Unexplained,-0.16641920303104338
Nabilone,-0.14780754549905364,0,-0.11767614698291161,0,-0.14085904245475275,0,Unexplained,-0.11767614698291161
Nafcillin sodium,-0.23370424956798933,0,-0.18606232536937603,0,-0.22271770159368698,0,Unexplained,-0.18606232536937603
Nalbuphine hydrochloride,-0.18102653330294494,0,-0.1441232575024438,0,-0.17251638983558856,0,Unexplained,-0.1441232575024438
Naloxone hydrochloride,-0.27652259721872974,0,-0.22015191230285366,0,-0.26352313834736496,0,Unexplained,-0.22015191230285366
Nandrolone phenpropionate,-0.10451571773292,0,-0.08320960151552169,0,-0.09960238411119947,0,Unexplained,-0.08320960151552169
Naproxen,-0.20903143546584,0,-0.16641920303104338,0,-0.19920476822239894,0,Unexplained,-0.16641920303104338
Nefazodone hydrochloride,-0.330507719323277,0,-0.2631318639840472,0,-0.314970394174356,0,Unexplained,-0.2631318639840472
Nelarabine,-0.20903143546584,0,-0.16641920303104338,0,-0.19920476822239894,0,Unexplained,-0.16641920303104338
Nelfinavir mesylate,-0.10451571773292,0,-0.08320960151552169,0,-0.09960238411119947,0,Unexplained,-0.08320960151552169
Neomycin sulfate,-0.14780754549905364,0,-0.11767614698291161,0,-0.14085904245475275,0,Unexplained,-0.11767614698291161
Nesiritide,-0.18102653330294494,0,-0.1441232575024438,0,-0.17251638983558856,0,Unexplained,-0.1441232575024438
Nevirapine,-0.14780754549905364,0,-0.11767614698291161,0,-0.14085904245475275,0,Unexplained,-0.11767614698291161
Niacin,-0.23370424956798933,0,-0.18606232536937603,0,-0.22271770159368698,0,Unexplained,-0.18606232536937603
Nialamide,-0.18102653330294494,0,-0.1441232575024438,0,-0.17251638983558856,0,Unexplained,-0.1441232575024438
Nifedipine,-0.2956150909981073,0,-0.23535229396582322,0,-0.2817180849095055,0,Unexplained,-0.23535229396582322
Nifurtimox,-0.10451571773292,0,-0.08320960151552169,0,-0.09960238411119947,0,Unexplained,-0.08320960151552169
Nilotinib hydrochloride,-0.14780754549905364,0,-0.11767614698291161,0,-0.14085904245475275,0,Unexplained,-0.11767614698291161
Nilutamide,-0.10451571773292,0,-0.08320960151552169,0,-0.09960238411119947,0,Unexplained,-0.08320960151552169
Nimesulide,-0.20903143546584,0,-0.16641920303104338,0,-0.19920476822239894,0,Unexplained,-0.16641920303104338
Niperotidine,-0.10451571773292,0,-0.08320960151552169,0,-0.09960238411119947,0,Unexplained,-0.08320960151552169
Nitazoxanide,-0.10451571773292,0,-0.08320960151552169,0,-0.09960238411119947,0,Unexplained,-0.08320960151552169
Nitrofurantoin,-0.18102653330294494,0,-0.1441232575024438,0,-0.17251638983558856,0,Unexplained,-0.1441232575024438
Nitroglycerin,-0.20903143546584,0,-0.16641920303104338,0,-0.19920476822239894,0,Unexplained,-0.16641920303104338
Nizatidine,-0.10451571773292,0,-0.08320960151552169,0,-0.09960238411119947,0,Unexplained,-0.08320960151552169
Nomifensine,-0.2956150909981073,0,-0.23535229396582322,0,-0.2817180849095055,0,Unexplained,-0.23535229396582322
Norethindrone acetate,-0.18102653330294494,0,-0.1441232575024438,0,-0.17251638983558856,0,Unexplained,-0.1441232575024438
Norfloxacin,-0.2560101785464095,0,-0.20382106541334596,0,-0.2439750182371333,0,Unexplained,-0.20382106541334596
Nortriptyline hydrochloride,-0.40478763419651437,0,-0.32226940091417094,0,-0.3857583749052298,0,Unexplained,-0.32226940091417094
Obeticholic acid,-0.10451571773292,0,12.017843876027488,1,-0.09960238411119947,0,Cholestatic,12.017843876027488
Octreotide acetate,-0.10451571773292,0,-0.08320960151552169,0,-0.09960238411119947,0,Unexplained,-0.08320960151552169
Ofloxacin,-0.23370424956798933,0,-0.18606232536937603,0,-0.22271770159368698,0,Unexplained,-0.18606232536937603
Olanzapine,-0.4555734516094202,0,-0.3627022441384479,0,-0.43415672687643975,0,Unexplained,-0.3627022441384479
Olaparib,-0.20903143546584,0,-0.16641920303104338,0,-0.19920476822239894,0,Unexplained,-0.16641920303104338
Olsalazine sodium,-0.18102653330294494,0,-0.1441232575024438,0,-0.17251638983558856,0,Unexplained,-0.1441232575024438
Omeprazole,-0.18102653330294494,0,-0.1441232575024438,0,-0.17251638983558856,0,Unexplained,-0.1441232575024438
Ondansetron hydrochloride,-0.23370424956798933,0,-0.18606232536937603,0,-0.22271770159368698,0,Unexplained,-0.18606232536937603
Opicapone,-0.10451571773292,0,-0.08320960151552169,0,-0.09960238411119947,0,Unexplained,-0.08320960151552169
Orlistat,-0.20903143546584,0,-0.16641920303104338,0,-0.19920476822239894,0,Unexplained,-0.16641920303104338
Orphenadrine hydrochloride,-0.27652259721872974,0,-0.22015191230285366,0,-0.26352313834736496,0,Unexplained,-0.22015191230285366
Osimertinib mesylate,-0.10451571773292,0,-0.08320960151552169,0,-0.09960238411119947,0,Unexplained,-0.08320960151552169
Ospemifene,-0.10451571773292,0,-0.08320960151552169,0,-0.09960238411119947,0,Unexplained,-0.08320960151552169
Oxacillin sodium,-0.330507719323277,0,-0.2631318639840472,0,-0.314970394174356,0,Unexplained,-0.2631318639840472
Oxandrolone,-0.10451571773292,0,-0.08320960151552169,0,-0.09960238411119947,0,Unexplained,-0.08320960151552169
Oxaprozin,-0.14780754549905364,0,-0.11767614698291161,0,-0.14085904245475275,0,Unexplained,-0.11767614698291161
Oxcarbazepine,-0.14780754549905364,0,-0.11767614698291161,0,-0.14085904245475275,0,Unexplained,-0.11767614698291161
Oxycodone hydrochloride,-0.18102653330294494,0,-0.1441232575024438,0,-0.17251638983558856,0,Unexplained,-0.1441232575024438
Oxymetholone,-0.14780754549905364,0,-0.11767614698291161,0,-0.14085904245475275,0,Unexplained,-0.11767614698291161
Oxymorphone hydrochloride,-0.14780754549905364,0,-0.11767614698291161,0,-0.14085904245475275,0,Unexplained,-0.11767614698291161
Oxytocin,-0.20903143546584,0,-0.16641920303104338,0,-0.19920476822239894,0,Unexplained,-0.16641920303104338
Paclitaxel,5.403367736466689,1,-0.1441232575024438,0,-0.17251638983558856,0,Mitochondrial,5.403367736466689
Pafolacianine sodium,-0.10451571773292,0,-0.08320960151552169,0,-0.09960238411119947,0,Unexplained,-0.08320960151552169
Palbociclib,-0.14780754549905364,0,-0.11767614698291161,0,-0.14085904245475275,0,Unexplained,-0.11767614698291161
Paliperidone,-0.40478763419651437,0,-0.32226940091417094,0,-0.3857583749052298,0,Unexplained,-0.32226940091417094
Pantoprazole sodium,-0.18102653330294494,0,-0.1441232575024438,0,-0.17251638983558856,0,Unexplained,-0.1441232575024438
Papaverine hydrochloride,-0.20903143546584,0,-0.16641920303104338,0,-0.19920476822239894,0,Unexplained,-0.16641920303104338
Paromomycin sulfate,-0.18102653330294494,0,-0.1441232575024438,0,-0.17251638983558856,0,Unexplained,-0.1441232575024438
Paroxetine hydrochloride,-0.3620530666058899,0,-0.2882465150048876,0,-0.3450327796711771,0,Unexplained,-0.2882465150048876
Pazopanib hydrochloride,-0.330507719323277,0,-0.2631318639840472,0,-0.314970394174356,0,Unexplained,-0.2631318639840472
Pegfilgrastim,-0.10451571773292,0,-0.08320960151552169,0,-0.09960238411119947,0,Unexplained,-0.08320960151552169
Penbutolol sulfate,-0.20903143546584,0,-0.16641920303104338,0,-0.19920476822239894,0,Unexplained,-0.16641920303104338
Penicillin v potassium,-0.23370424956798933,0,-0.18606232536937603,0,-0.22271770159368698,0,Unexplained,-0.18606232536937603
Pentagastrin,-0.10451571773292,0,-0.08320960151552169,0,-0.09960238411119947,0,Unexplained,-0.08320960151552169
Pentostatin,-0.10451571773292,0,-0.08320960151552169,0,-0.09960238411119947,0,Unexplained,-0.08320960151552169
Perampanel,-0.20903143546584,0,-0.16641920303104338,0,-0.19920476822239894,0,Unexplained,-0.16641920303104338
Perhexiline,-0.20903143546584,0,-0.16641920303104338,0,-0.19920476822239894,0,Unexplained,-0.16641920303104338
Perphenazine,-0.18102653330294494,0,-0.1441232575024438,0,-0.17251638983558856,0,Unexplained,-0.1441232575024438
Pexidartinib hydrochloride,-0.20903143546584,0,-0.16641920303104338,0,-0.19920476822239894,0,Unexplained,-0.16641920303104338
Phendimetrazine tartrate,-0.18102653330294494,0,-0.1441232575024438,0,-0.17251638983558856,0,Unexplained,-0.1441232575024438
Phenelzine sulfate,-0.27652259721872974,0,-0.22015191230285366,0,-0.26352313834736496,0,Unexplained,-0.22015191230285366
Phenobarbital sodium,-0.27652259721872974,0,-0.22015191230285366,0,-0.26352313834736496,0,Unexplained,-0.22015191230285366
Phenoxybenzamine hydrochloride,-0.31354715319876,0,-0.24962880454656505,0,-0.29880715233359845,0,Unexplained,-0.24962880454656505
Phentolamine mesylate,-0.20903143546584,0,-0.16641920303104338,0,-0.19920476822239894,0,Unexplained,-0.16641920303104338
Phenytoin,-0.330507719323277,0,-0.2631318639840472,0,-0.314970394174356,0,Unexplained,-0.2631318639840472
Phytonadione,-0.14780754549905364,0,-0.11767614698291161,0,-0.14085904245475275,0,Unexplained,-0.11767614698291161
Piflufolastat f-18,-0.10451571773292,0,-0.08320960151552169,0,-0.09960238411119947,0,Unexplained,-0.08320960151552169
Pimavanserin tartrate,-0.18102653330294494,0,-0.1441232575024438,0,-0.17251638983558856,0,Unexplained,-0.1441232575024438
Pimozide,-0.20903143546584,0,-0.16641920303104338,0,-0.19920476822239894,0,Unexplained,-0.16641920303104338
Pindolol,-0.23370424956798933,0,-0.18606232536937603,0,-0.22271770159368698,0,Unexplained,-0.18606232536937603
Pioglitazone hydrochloride,-0.14780754549905364,0,-0.11767614698291161,0,-0.14085904245475275,0,Unexplained,-0.11767614698291161
Pirfenidone,-0.10451571773292,0,-0.08320960151552169,0,-0.09960238411119947,0,Unexplained,-0.08320960151552169
Piroxicam,-0.14780754549905364,0,-0.11767614698291161,0,-0.14085904245475275,0,Unexplained,-0.11767614698291161
Pitolisant hydrochloride,-0.14780754549905364,0,-0.11767614698291161,0,-0.14085904245475275,0,Unexplained,-0.11767614698291161
Plerixafor,-0.10451571773292,0,-0.08320960151552169,0,-0.09960238411119947,0,Unexplained,-0.08320960151552169
Pomalidomide,-0.18102653330294494,0,-0.1441232575024438,0,-0.17251638983558856,0,Unexplained,-0.1441232575024438
Posaconazole,-0.10451571773292,0,-0.08320960151552169,0,-0.09960238411119947,0,Unexplained,-0.08320960151552169
Pralnacasan,-0.10451571773292,0,-0.08320960151552169,0,-0.09960238411119947,0,Unexplained,-0.08320960151552169
Pramlintide acetate,-0.23370424956798933,0,-0.18606232536937603,0,-0.22271770159368698,0,Unexplained,-0.18606232536937603
Prasugrel hydrochloride,-0.10451571773292,0,-0.08320960151552169,0,-0.09960238411119947,0,Unexplained,-0.08320960151552169
Pravastatin sodium,-0.14780754549905364,0,-0.11767614698291161,0,-0.14085904245475275,0,Unexplained,-0.11767614698291161
Prednisolone,-0.10451571773292,0,-0.08320960151552169,0,-0.09960238411119947,0,Unexplained,-0.08320960151552169
Prednisone,-0.10451571773292,0,-0.08320960151552169,0,-0.09960238411119947,0,Unexplained,-0.08320960151552169
Pregabalin,-0.10451571773292,0,-0.08320960151552169,0,-0.09960238411119947,0,Unexplained,-0.08320960151552169
Primidone,-0.330507719323277,0,-0.2631318639840472,0,-0.314970394174356,0,Unexplained,-0.2631318639840472
Procainamide hydrochloride,-0.18102653330294494,0,-0.1441232575024438,0,-0.17251638983558856,0,Unexplained,-0.1441232575024438
Procarbazine hydrochloride,-0.10451571773292,0,-0.08320960151552169,0,-0.09960238411119947,0,Unexplained,-0.08320960151552169
Prochlorperazine maleate,-0.20903143546584,0,-0.16641920303104338,0,-0.19920476822239894,0,Unexplained,-0.16641920303104338
Procyclidine hydrochloride,-0.23370424956798933,0,-0.18606232536937603,0,-0.22271770159368698,0,Unexplained,-0.18606232536937603
Progesterone,-0.330507719323277,0,-0.2631318639840472,0,-0.314970394174356,0,Unexplained,-0.2631318639840472
Promethazine hydrochloride,-0.376836779377964,0,-0.30001648487513954,0,-0.35912150307138946,0,Unexplained,-0.30001648487513954
Propafenone hydrochloride,-0.20903143546584,0,-0.16641920303104338,0,-0.19920476822239894,0,Unexplained,-0.16641920303104338
Propofol,-0.23370424956798933,0,-0.18606232536937603,0,-0.22271770159368698,0,Unexplained,-0.18606232536937603
Propoxyphene hydrochloride,-0.23370424956798933,0,-0.18606232536937603,0,-0.22271770159368698,0,Unexplained,-0.18606232536937603
Propylthiouracil,-0.14780754549905364,0,-0.11767614698291161,0,-0.14085904245475275,0,Unexplained,-0.11767614698291161
Protirelin,-0.10451571773292,0,-0.08320960151552169,0,-0.09960238411119947,0,Unexplained,-0.08320960151552169
Protriptyline hydrochloride,-0.14780754549905364,0,-0.11767614698291161,0,-0.14085904245475275,0,Unexplained,-0.11767614698291161
Pseudoephedrine hydrochloride,-0.376836779377964,0,-0.30001648487513954,0,-0.35912150307138946,0,Unexplained,-0.30001648487513954
Pyrazinamide,-0.14780754549905364,0,-0.11767614698291161,0,-0.14085904245475275,0,Unexplained,-0.11767614698291161
Pyridoxine hydrochloride,-0.14780754549905364,0,-0.11767614698291161,0,-0.14085904245475275,0,Unexplained,-0.11767614698291161
Pyrimethamine,-0.20903143546584,0,-0.16641920303104338,0,-0.19920476822239894,0,Unexplained,-0.16641920303104338
Quazepam,-0.14780754549905364,0,-0.11767614698291161,0,-0.14085904245475275,0,Unexplained,-0.11767614698291161
Quinapril hydrochloride,-0.10451571773292,0,-0.08320960151552169,0,-0.09960238411119947,0,Unexplained,-0.08320960151552169
Quinine sulfate,-0.14780754549905364,0,-0.11767614698291161,0,-0.14085904245475275,0,Unexplained,-0.11767614698291161
Rabeprazole sodium,-0.10451571773292,0,-0.08320960151552169,0,-0.09960238411119947,0,Unexplained,-0.08320960151552169
Raloxifene hydrochloride,-0.20903143546584,0,-0.16641920303104338,0,-0.19920476822239894,0,Unexplained,-0.16641920303104338
Raltegravir potassium,-0.14780754549905364,0,-0.11767614698291161,0,-0.14085904245475275,0,Unexplained,-0.11767614698291161
Ramelteon,-0.14780754549905364,0,-0.11767614698291161,0,-0.14085904245475275,0,Unexplained,-0.11767614698291161
Ramipril,-0.14780754549905364,0,-0.11767614698291161,0,-0.14085904245475275,0,Unexplained,-0.11767614698291161
Ranitidine hydrochloride,-0.14780754549905364,0,-0.11767614698291161,0,-0.14085904245475275,0,Unexplained,-0.11767614698291161
Ranolazine,-0.2560101785464095,0,-0.20382106541334596,0,-0.2439750182371333,0,Unexplained,-0.20382106541334596
Regadenoson,-0.10451571773292,0,-0.08320960151552169,0,-0.09960238411119947,0,Unexplained,-0.08320960151552169
Regorafenib,-0.44342263649716096,0,-0.35302844094873487,0,-0.4225771273642583,0,Unexplained,-0.35302844094873487
Remdesivir,-0.20903143546584,0,-0.16641920303104338,0,-0.19920476822239894,0,Unexplained,-0.16641920303104338
Remifentanil hydrochloride,-0.18102653330294494,0,-0.1441232575024438,0,-0.17251638983558856,0,Unexplained,-0.1441232575024438
Repaglinide,-0.20903143546584,0,-0.16641920303104338,0,-0.19920476822239894,0,Unexplained,-0.16641920303104338
Reserpine,-0.18102653330294494,0,-0.1441232575024438,0,-0.17251638983558856,0,Unexplained,-0.1441232575024438
Ribavirin,-0.23370424956798933,0,-0.18606232536937603,0,-0.22271770159368698,0,Unexplained,-0.18606232536937603
Riboflavin 5'-phosphate,-0.7680305356392283,0,-0.611463196240038,0,-0.7319250547113999,0,Unexplained,-0.611463196240038
Rifabutin,-0.23370424956798933,0,-0.18606232536937603,0,-0.22271770159368698,0,Unexplained,-0.18606232536937603
Rifampin,-0.14780754549905364,0,-0.11767614698291161,0,-0.14085904245475275,0,Unexplained,-0.11767614698291161
Rifamycin sodium,-0.23370424956798933,0,-0.18606232536937603,0,-0.22271770159368698,0,Unexplained,-0.18606232536937603
Rilpivirine hydrochloride,-0.20903143546584,0,-0.16641920303104338,0,-0.19920476822239894,0,Unexplained,-0.16641920303104338
Riluzole,-0.18102653330294494,0,-0.1441232575024438,0,-0.17251638983558856,0,Unexplained,-0.1441232575024438
Rimantadine hydrochloride,-0.10451571773292,0,-0.08320960151552169,0,-0.09960238411119947,0,Unexplained,-0.08320960151552169
Rimegepant sulfate,-0.10451571773292,0,-0.08320960151552169,0,-0.09960238411119947,0,Unexplained,-0.08320960151552169
Riociguat,-0.14780754549905364,0,-0.11767614698291161,0,-0.14085904245475275,0,Unexplained,-0.11767614698291161
Risperidone,-0.3620530666058899,0,-0.2882465150048876,0,-0.3450327796711771,0,Unexplained,-0.2882465150048876
Ritonavir,-0.18102653330294494,0,-0.1441232575024438,0,-0.17251638983558856,0,Unexplained,-0.1441232575024438
Rivaroxaban,-0.10451571773292,0,-0.08320960151552169,0,-0.09960238411119947,0,Unexplained,-0.08320960151552169
Rivastigmine tartrate,-0.14780754549905364,0,-0.11767614698291161,0,-0.14085904245475275,0,Unexplained,-0.11767614698291161
Roflumilast,-0.10451571773292,0,-0.08320960151552169,0,-0.09960238411119947,0,Unexplained,-0.08320960151552169
Rolapitant hydrochloride,-0.10451571773292,0,-0.08320960151552169,0,-0.09960238411119947,0,Unexplained,-0.08320960151552169
Romidepsin,-0.23370424956798933,0,-0.18606232536937603,0,-0.22271770159368698,0,Unexplained,-0.18606232536937603
Ropinirole hydrochloride,-0.20903143546584,0,-0.16641920303104338,0,-0.19920476822239894,0,Unexplained,-0.16641920303104338
Rosiglitazone maleate,-0.27652259721872974,0,-0.22015191230285366,0,-0.26352313834736496,0,Unexplained,-0.22015191230285366
Safinamide mesylate,-0.10451571773292,0,-0.08320960151552169,0,-0.09960238411119947,0,Unexplained,-0.08320960151552169
Salsalate,-0.14780754549905364,0,-0.11767614698291161,0,-0.14085904245475275,0,Unexplained,-0.11767614698291161
Saquinavir mesylate,-0.14780754549905364,0,-0.11767614698291161,0,-0.14085904245475275,0,Unexplained,-0.11767614698291161
Saxagliptin hydrochloride,-0.10451571773292,0,-0.08320960151552169,0,-0.09960238411119947,0,Unexplained,-0.08320960151552169
Scopolamine,-0.2956150909981073,0,-0.23535229396582322,0,-0.2817180849095055,0,Unexplained,-0.23535229396582322
Selegiline hydrochloride,-0.18102653330294494,0,-0.1441232575024438,0,-0.17251638983558856,0,Unexplained,-0.1441232575024438
Selexipag,-0.10451571773292,0,-0.08320960151552169,0,-0.09960238411119947,0,Unexplained,-0.08320960151552169
Semaglutide,-0.10451571773292,0,-0.08320960151552169,0,-0.09960238411119947,0,Unexplained,-0.08320960151552169
Sertraline hydrochloride,-0.23370424956798933,0,-0.18606232536937603,0,-0.22271770159368698,0,Unexplained,-0.18606232536937603
Setmelanotide acetate,-0.10451571773292,0,-0.08320960151552169,0,-0.09960238411119947,0,Unexplained,-0.08320960151552169
Sibutramine hydrochloride,-0.18102653330294494,0,-0.1441232575024438,0,-0.17251638983558856,0,Unexplained,-0.1441232575024438
Sildenafil citrate,-0.2560101785464095,0,-0.20382106541334596,0,-0.2439750182371333,0,Unexplained,-0.20382106541334596
Simvastatin,-0.18102653330294494,0,-0.1441232575024438,0,-0.17251638983558856,0,Unexplained,-0.1441232575024438
Sincalide,-0.14780754549905364,0,-0.11767614698291161,0,-0.14085904245475275,0,Unexplained,-0.11767614698291161
Sirolimus,-0.10451571773292,0,-0.08320960151552169,0,-0.09960238411119947,0,Unexplained,-0.08320960151552169
Sitaxsentan,-0.14780754549905364,0,-0.11767614698291161,0,-0.14085904245475275,0,Unexplained,-0.11767614698291161
Sodium bicarbonate,-0.14780754549905364,0,-0.11767614698291161,0,-0.14085904245475275,0,Unexplained,-0.11767614698291161
Sodium oxybate,-0.14780754549905364,0,-0.11767614698291161,0,-0.14085904245475275,0,Unexplained,-0.11767614698291161
Sofosbuvir,-0.14780754549905364,0,-0.11767614698291161,0,-0.14085904245475275,0,Unexplained,-0.11767614698291161
Solriamfetol hydrochloride,-0.14780754549905364,0,-0.11767614698291161,0,-0.14085904245475275,0,Unexplained,-0.11767614698291161
Spironolactone,-0.27652259721872974,0,-0.22015191230285366,0,-0.26352313834736496,0,Unexplained,-0.22015191230285366
Stavudine,-0.14780754549905364,0,-0.11767614698291161,0,-0.14085904245475275,0,Unexplained,-0.11767614698291161
Stiripentol,-0.20903143546584,0,-0.16641920303104338,0,-0.19920476822239894,0,Unexplained,-0.16641920303104338
Streptomycin sulfate,-0.14780754549905364,0,-0.11767614698291161,0,-0.14085904245475275,0,Unexplained,-0.11767614698291161
Sufentanil citrate,-0.18102653330294494,0,-0.1441232575024438,0,-0.17251638983558856,0,Unexplained,-0.1441232575024438
Sulfadiazine,-0.14780754549905364,0,-0.11767614698291161,0,-0.14085904245475275,0,Unexplained,-0.11767614698291161
Sulfamethizole,-0.10451571773292,0,-0.08320960151552169,0,-0.09960238411119947,0,Unexplained,-0.08320960151552169
Sulfasalazine,-0.40478763419651437,0,-0.32226940091417094,0,-0.3857583749052298,0,Unexplained,-0.32226940091417094
Sulfathiazole,-0.10451571773292,0,-0.08320960151552169,0,-0.09960238411119947,0,Unexplained,-0.08320960151552169
Sulindac,-0.27652259721872974,0,-0.22015191230285366,0,-0.26352313834736496,0,Unexplained,-0.22015191230285366
Suvorexant,-0.14780754549905364,0,-0.11767614698291161,0,-0.14085904245475275,0,Unexplained,-0.11767614698291161
Tacrolimus,-0.14780754549905364,0,-0.11767614698291161,0,-0.14085904245475275,0,Unexplained,-0.11767614698291161
Tadalafil,-0.18102653330294494,0,-0.1441232575024438,0,-0.17251638983558856,0,Unexplained,-0.1441232575024438
Tamoxifen citrate,-0.330507719323277,0,-0.2631318639840472,0,-0.314970394174356,0,Unexplained,-0.2631318639840472
Tamsulosin hydrochloride,-0.18102653330294494,0,-0.1441232575024438,0,-0.17251638983558856,0,Unexplained,-0.1441232575024438
Tapentadol hydrochloride,-0.23370424956798933,0,-0.18606232536937603,0,-0.22271770159368698,0,Unexplained,-0.18606232536937603
Tasosartan,-0.14780754549905364,0,-0.11767614698291161,0,-0.14085904245475275,0,Unexplained,-0.11767614698291161
Tecovirimat,-0.10451571773292,0,-0.08320960151552169,0,-0.09960238411119947,0,Unexplained,-0.08320960151552169
Telmisartan,-0.14780754549905364,0,-0.11767614698291161,0,-0.14085904245475275,0,Unexplained,-0.11767614698291161
Temsirolimus,-0.10451571773292,0,-0.08320960151552169,0,-0.09960238411119947,0,Unexplained,-0.08320960151552169
Tenapanor hydrochloride,-0.10451571773292,0,-0.08320960151552169,0,-0.09960238411119947,0,Unexplained,-0.08320960151552169
Teniposide,-0.14780754549905364,0,-0.11767614698291161,0,-0.14085904245475275,0,Unexplained,-0.11767614698291161
Terazosin hydrochloride,-0.27652259721872974,0,-0.22015191230285366,0,-0.26352313834736496,0,Unexplained,-0.22015191230285366
Terbinafine hydrochloride,-0.14780754549905364,0,-0.11767614698291161,0,-0.14085904245475275,0,Unexplained,-0.11767614698291161
Terbutaline sulfate,-0.18102653330294494,0,-0.1441232575024438,0,-0.17251638983558856,0,Unexplained,-0.1441232575024438
Teriflunomide,-0.18102653330294494,0,-0.1441232575024438,0,-0.17251638983558856,0,Unexplained,-0.1441232575024438
Teriparatide acetate,-0.14780754549905364,0,-0.11767614698291161,0,-0.14085904245475275,0,Unexplained,-0.11767614698291161
Testosterone enanthate,-0.18102653330294494,0,-0.1441232575024438,0,-0.17251638983558856,0,Unexplained,-0.1441232575024438
Thalidomide,-0.18102653330294494,0,-0.1441232575024438,0,-0.17251638983558856,0,Unexplained,-0.1441232575024438
Thiabendazole,-0.10451571773292,0,-0.08320960151552169,0,-0.09960238411119947,0,Unexplained,-0.08320960151552169
Thiamine hydrochloride,-0.14780754549905364,0,-0.11767614698291161,0,-0.14085904245475275,0,Unexplained,-0.11767614698291161
Thioridazine hydrochloride,-0.2560101785464095,0,-0.20382106541334596,0,-0.2439750182371333,0,Unexplained,-0.20382106541334596
Thyrotropin alfa,-0.10451571773292,0,-0.08320960151552169,0,-0.09960238411119947,0,Unexplained,-0.08320960151552169
Ticagrelor,-0.10451571773292,0,-0.08320960151552169,0,-0.09960238411119947,0,Unexplained,-0.08320960151552169
Ticlopidine hydrochloride,-0.14780754549905364,0,-0.11767614698291161,0,-0.14085904245475275,0,Unexplained,-0.11767614698291161
Tigecycline,-0.23370424956798933,0,-0.18606232536937603,0,-0.22271770159368698,0,Unexplained,-0.18606232536937603
Tipranavir,-0.14780754549905364,0,-0.11767614698291161,0,-0.14085904245475275,0,Unexplained,-0.11767614698291161
Tirofiban hydrochloride,-0.14780754549905364,0,-0.11767614698291161,0,-0.14085904245475275,0,Unexplained,-0.11767614698291161
Tizanidine hydrochloride,-0.18102653330294494,0,-0.1441232575024438,0,-0.17251638983558856,0,Unexplained,-0.1441232575024438
Tolazamide,-0.14780754549905364,0,-0.11767614698291161,0,-0.14085904245475275,0,Unexplained,-0.11767614698291161
Tolcapone,-0.10451571773292,0,-0.08320960151552169,0,-0.09960238411119947,0,Unexplained,-0.08320960151552169
Tolmetin sodium,-0.14780754549905364,0,-0.11767614698291161,0,-0.14085904245475275,0,Unexplained,-0.11767614698291161
Tolrestat,-0.20903143546584,0,-0.16641920303104338,0,-0.19920476822239894,0,Unexplained,-0.16641920303104338
Tolterodine tartrate,-0.23370424956798933,0,-0.18606232536937603,0,-0.22271770159368698,0,Unexplained,-0.18606232536937603
Tolvaptan,-0.14780754549905364,0,-0.11767614698291161,0,-0.14085904245475275,0,Unexplained,-0.11767614698291161
Topiramate,-0.31354715319876,0,-0.24962880454656505,0,-0.29880715233359845,0,Unexplained,-0.24962880454656505
Topotecan hydrochloride,-0.14780754549905364,0,-0.11767614698291161,0,-0.14085904245475275,0,Unexplained,-0.11767614698291161
Tramadol hydrochloride,-0.40478763419651437,0,-0.32226940091417094,0,-0.3857583749052298,0,Unexplained,-0.32226940091417094
Trandolapril,-0.10451571773292,0,-0.08320960151552169,0,-0.09960238411119947,0,Unexplained,-0.08320960151552169
Tranexamic acid,-0.10451571773292,0,-0.08320960151552169,0,-0.09960238411119947,0,Unexplained,-0.08320960151552169
Tranylcypromine sulfate,-0.14780754549905364,0,-0.11767614698291161,0,-0.14085904245475275,0,Unexplained,-0.11767614698291161
Trazodone hydrochloride,-0.2956150909981073,0,-0.23535229396582322,0,-0.2817180849095055,0,Unexplained,-0.23535229396582322
Tretinoin,-0.41806287093168,0,-0.33283840606208676,0,-0.3984095364447979,0,Unexplained,-0.33283840606208676
Triamterene,-0.20903143546584,0,-0.16641920303104338,0,-0.19920476822239894,0,Unexplained,-0.16641920303104338
Trientine hydrochloride,-0.10451571773292,0,-0.08320960151552169,0,-0.09960238411119947,0,Unexplained,-0.08320960151552169
Trifluoperazine hydrochloride,-0.2956150909981073,0,-0.23535229396582322,0,-0.2817180849095055,0,Unexplained,-0.23535229396582322
Trihexyphenidyl hydrochloride,-0.2560101785464095,0,-0.20382106541334596,0,-0.2439750182371333,0,Unexplained,-0.20382106541334596
Trimethoprim,-0.14780754549905364,0,-0.11767614698291161,0,-0.14085904245475275,0,Unexplained,-0.11767614698291161
Triprolidine hydrochloride,-0.10451571773292,0,-0.08320960151552169,0,-0.09960238411119947,0,Unexplained,-0.08320960151552169
Troglitazone,-0.31354715319876,0,-0.24962880454656505,0,-0.29880715233359845,0,Unexplained,-0.24962880454656505
Trovafloxacin mesylate,-0.23370424956798933,0,-0.18606232536937603,0,-0.22271770159368698,0,Unexplained,-0.18606232536937603
Tyramine,-0.10451571773292,0,-0.08320960151552169,0,-0.09960238411119947,0,Unexplained,-0.08320960151552169
Ubrogepant,-0.10451571773292,0,-0.08320960151552169,0,-0.09960238411119947,0,Unexplained,-0.08320960151552169
Ulipristal acetate,-0.18102653330294494,0,-0.1441232575024438,0,-0.17251638983558856,0,Unexplained,-0.1441232575024438
Urofollitropin,-0.10451571773292,0,-0.08320960151552169,0,-0.09960238411119947,0,Unexplained,-0.08320960151552169
Urokinase,-0.2956150909981073,0,-0.23535229396582322,0,-0.2817180849095055,0,Unexplained,-0.23535229396582322
Valaciclovir,-0.14780754549905364,0,-0.11767614698291161,0,-0.14085904245475275,0,Unexplained,-0.11767614698291161
Valdecoxib,-0.18102653330294494,0,-0.1441232575024438,0,-0.17251638983558856,0,Unexplained,-0.1441232575024438
Valproic acid,-0.41806287093168,0,-0.33283840606208676,0,-0.3984095364447979,0,Unexplained,-0.33283840606208676
Valsartan,-0.10451571773292,0,-0.08320960151552169,0,-0.09960238411119947,0,Unexplained,-0.08320960151552169
Varenicline tartrate,-0.23370424956798933,0,-0.18606232536937603,0,-0.22271770159368698,0,Unexplained,-0.18606232536937603
Vemurafenib,-0.10451571773292,0,-0.08320960151552169,0,-0.09960238411119947,0,Unexplained,-0.08320960151552169
Venetoclax,9.567938887004585,1,-0.08320960151552169,0,-0.09960238411119947,0,Mitochondrial,9.567938887004585
Venlafaxine hydrochloride,-0.18102653330294494,0,-0.1441232575024438,0,-0.17251638983558856,0,Unexplained,-0.1441232575024438
Verapamil hydrochloride,-0.376836779377964,0,-0.30001648487513954,0,-0.35912150307138946,0,Unexplained,-0.30001648487513954
Vericiguat,-0.14780754549905364,0,-0.11767614698291161,0,-0.14085904245475275,0,Unexplained,-0.11767614698291161
Vibegron,-0.10451571773292,0,-0.08320960151552169,0,-0.09960238411119947,0,Unexplained,-0.08320960151552169
Vilazodone hydrochloride,-0.14780754549905364,0,-0.11767614698291161,0,-0.14085904245475275,0,Unexplained,-0.11767614698291161
Viloxazine hydrochloride,-0.376836779377964,0,-0.30001648487513954,0,-0.35912150307138946,0,Unexplained,-0.30001648487513954
Vinblastine sulfate,-0.27652259721872974,0,-0.22015191230285366,0,-0.26352313834736496,0,Unexplained,-0.22015191230285366
Vincristine sulfate,-0.14780754549905364,0,-0.11767614698291161,0,-0.14085904245475275,0,Unexplained,-0.11767614698291161
Vitamin C,-0.5225785886646,0,-0.41604800757760846,0,-0.4980119205559973,0,Unexplained,-0.41604800757760846
Vitamin E,-0.330507719323277,0,-0.2631318639840472,0,-0.314970394174356,0,Unexplained,-0.2631318639840472
Voclosporin,-0.20903143546584,0,-0.16641920303104338,0,-0.19920476822239894,0,Unexplained,-0.16641920303104338
Vorapaxar sulfate,-0.10451571773292,0,-0.08320960151552169,0,-0.09960238411119947,0,Unexplained,-0.08320960151552169
Voriconazole,-0.10451571773292,0,-0.08320960151552169,0,-0.09960238411119947,0,Unexplained,-0.08320960151552169
Vorinostat,-0.2560101785464095,0,-0.20382106541334596,0,-0.2439750182371333,0,Unexplained,-0.20382106541334596
Vosoritide,-0.10451571773292,0,-0.08320960151552169,0,-0.09960238411119947,0,Unexplained,-0.08320960151552169
Voxelotor,-0.10451571773292,0,-0.08320960151552169,0,-0.09960238411119947,0,Unexplained,-0.08320960151552169
Warfarin sodium,-0.14780754549905364,0,-0.11767614698291161,0,-0.14085904245475275,0,Unexplained,-0.11767614698291161
Ximelagatran,-0.10451571773292,0,-0.08320960151552169,0,-0.09960238411119947,0,Unexplained,-0.08320960151552169
Zafirlukast,-0.10451571773292,0,-0.08320960151552169,0,-0.09960238411119947,0,Unexplained,-0.08320960151552169
Zaleplon,-0.10451571773292,0,-0.08320960151552169,0,-0.09960238411119947,0,Unexplained,-0.08320960151552169
Zanubrutinib,-0.40478763419651437,0,-0.32226940091417094,0,-0.3857583749052298,0,Unexplained,-0.32226940091417094
Zidovudine,-0.20903143546584,0,-0.16641920303104338,0,-0.19920476822239894,0,Unexplained,-0.16641920303104338
Zileuton,-0.10451571773292,0,-0.08320960151552169,0,-0.09960238411119947,0,Unexplained,-0.08320960151552169
Zimelidine,-0.18102653330294494,0,-0.1441232575024438,0,-0.17251638983558856,0,Unexplained,-0.1441232575024438
Ziprasidone hydrochloride,-0.5430795999088347,0,-0.43236977250733144,0,-0.5175491695067655,0,Unexplained,-0.43236977250733144
Zoledronic acid,-0.14780754549905364,0,-0.11767614698291161,0,-0.14085904245475275,0,Unexplained,-0.11767614698291161
Zonisamide,-0.5912301819962146,0,-0.47070458793164643,0,-0.563436169819011,0,Unexplained,-0.47070458793164643
